Company,Sector,Unit,Year,UF,Ecoregion,Biome,River_Basin,Area_ha,FB_dolar,GEE_tCO2e_ano,Energ_tep-year,Water_m3,IIr,IIg,IIa,IIe,IIoa,IIB,BCA_min,BCA_achieved,Mitigation
HP1,Hidro,HP1.01,2011,MG,Cerrado,Cerrado,RB.Parana,44924,557073740,356381,31242,105492,3,279,7,141,752,237,170738,339193,199%
HP1,Hidro,HP1.02,2011,MG,Cerrado,Cerrado,RB.Parana,57600,1302023330,832954,73021,246563,7,475,17,278,795,315,246167,0,0%
HP1,Hidro,HP1.03,2011,MG,Cerrado,Cerrado,RB.Parana,7335,50245867,32144,2818,9515,0,34,1,15,331,76,52746,0,0%
HP1,Hidro,HP1.04,2011,MG,Cerrado,Cerrado,RB.Parana,172,56799675,36337,3185,10756,0,38,1,17,11,13,26378,2323,9%
HP1,Hidro,HP1.05,2011,MG,Cerrado,Cerrado,RB.Parana,3460,463135815,296286,25974,87704,3,244,6,120,189,112,118380,0,0%
HP1,Hidro,HP1.06,2011,MG,Cerrado,Cerrado,RB.Parana,70329,1867835482,1194925,104754,353710,10,565,25,356,826,356,288012,0,0%
HP1,Hidro,HP1.07,2011,MG,Cerrado,Cerrado,RB.Parana,5186,445658992,285105,24994,84394,3,237,6,116,259,124,122039,36278,30%
HP1,Hidro,HP1.08,2011,MG,Cerrado,Cerrado,RB.Parana,20500,415074552,265539,23279,78602,2,224,6,109,580,184,141142,25882,18%
HP1,Hidro,HP1.09,2011,MG,Cerrado,Cerrado,RB.Parana,5023,229383305,146745,12864,43438,1,138,3,63,253,92,88633,0,0%
HP1,Hidro,HP1.10,2011,MG,Cerrado,Cerrado,RB.Parana,3732,266164239,170275,14927,50403,2,168,4,75,633,176,142346,0,0%
HP1,Hidro,HP1.11,2011,MG,Fl.Int.Par.Paran,Mat.Atlantica,RB.Parana,9022,230988988,147772,12954,43742,1,149,3,66,724,235,157707,0,0%
HP1,Hidro,HP1.12,2011,MG,Fl.Int.Bahia,Mat.Atlantica,RB.Atl.SE,576,111414748,71276,6248,21098,1,72,2,32,251,72,64757,0,0%
HP1,Hidro,HP1.13,2011,MG,Cerrado,Cerrado,RB.Atl.Leste,14295,393228523,251563,22053,74465,2,215,16,104,490,165,132808,227679,171%
HP1,Hidro,HP1.14,2011,MG,Fl.Int.Bahia,Mat.Atlantica,RB.Parana,4265,196614261,125782,11027,37233,1,120,3,55,800,196,116614,0,0%
HP1,Hidro,HP1.15,2011,ES,Fl.Int.Bahia,Mat.Atlantica,RB.Atl.SE,191,60076580,38433,3369,11377,0,40,1,17,152,42,43425,0,0%
HP1,Hidro,HP1.16,2011,MG,Fl.Int.Bahia,Mat.Atlantica,RB.Atl.SE,150,85199513,54505,4778,16134,0,56,2,25,124,41,47571,0,0%
HP1,Hidro,HP1.17,2011,MG,Fl.Int.Bahia,Mat.Atlantica,RB.Atl.SE,3290,360459479,230600,20216,68260,2,200,7,96,756,212,143822,0,0%
HP1,Hidro,HP1.18,2011,MG,Fl.Int.Bahia,Mat.Atlantica,RB.Atl.SE,17,122337763,78264,6861,23167,1,78,2,35,16,26,43828,0,0%
HP1,Hidro,HP1.19,2011,MG,Cerrado,Cerrado,RB.S.Francisco,109000,432551375,276720,24259,81912,2,231,7,113,880,247,161516,0,0%
HP1,Hidro,HP1.20,2011,MG,Cerrado,Cerrado,RB.S.Francisco,3943,114691652,73373,6432,21719,1,74,2,33,210,64,62261,0,0%
HP2,Hidro,HP2.01,2011,RS,Campos.Sulinos,Pampa,RB.Uruguai,15200,64488676,743,28944,151871,26,1,24,132,922,221,88789,5677,6%
HP2,Hidro,HP2.02,2011,RS/SC,Fl.Int.Par.Paran,Mat.Atlantica,RB.Uruguai,14100,413754777,127,185704,974392,147,0,134,495,892,333,180910,206607,114%
HP2,Hidro,HP2.03,2011,RS/SC,Fl.Araucaria,Mat.Atlantica,RB.Uruguai,7900,325296859,1229,146002,766074,119,1,109,435,881,309,163410,7434,5%
HP2,Hidro,HP2.04,2011,PR,Fl.Int.Par.Paran,Mat.Atlantica,RB.Parana,5600,307605275,1191,138061,724410,113,1,49,421,766,270,151951,0,0%
HP2,Hidro,HP2.05,2011,PR,Fl.Int.Par.Paran,Mat.Atlantica,RB.Parana,21000,405194333,432,181862,954233,144,0,64,489,924,324,177767,0,0%
HP2,Hidro,HP2.06,2011,MT/MS,Cerrado,Cerrado,RB.Paraguai,1900,50249804,99,22553,118338,20,0,3,106,113,49,43703,665640,1523%
HP2,Hidro,HP2.07,2011,GO,Cerrado,Cerrado,RB.Tocantins,13900,128406655,82,57632,302398,51,0,4,233,483,154,93226,1176,1%
HP2,Hidro,HP2.08,2011,TO,Cerrado,Cerrado,RB.Tocantins,10400,69396663,89,31147,163429,28,0,2,141,412,117,69349,4531,7%
HP2,Hidro,HP2.09,2011,TO/MA,Cerrado,Cerrado,RB.Tocantins,59000,310173408,44,139214,730458,114,0,10,423,799,269,152137,7349,5%
FC1,Flor/Ind,FC1.01,2011,SP,Fl.Cost.SM,Mat.Atlantica,RB.Parana,7,185110147,37677,13094,134225,177,39,10,65,11,60,69813,0,0%
FC1,Flor/Ind,FC1.02,2011,SP,Fl.Cost.SM,Mat.Atlantica,RB.Parana,13,185110147,37677,13094,134225,177,39,10,65,20,62,70695,0,0%
FC1,Flor/Ind,FC1.03,2011,SP,Fl.Cost.SM,Mat.Atlantica,RB.Parana,13,87110658,17730,6162,63165,92,19,4,31,20,33,43754,0,0%
FC1,Flor/Ind,FC1.04,2011,RS,Campos.Sulinos,Pampa,RB.Atl.Sul,8,43555329,8865,3081,31582,48,10,8,16,6,18,27344,0,0%
FC1,Flor/Ind,FC1.05,2011,PE,Fl.Cost.PE,Mat.Atlantica,RB.At.NE.Or,9,43555329,8865,3081,31582,48,10,50,16,93,43,39960,0,0%
FC1,Flor/Ind,FC1.06,2011,PB,Fl.Int.PE,Mat.Atlantica,RB.At.NE.Or,8,39199796,7979,2773,28424,44,9,45,14,82,39,37004,0,0%
FF1,Flor,FF1.01,2011,RS,Campos.Sulinos,Pampa,RB.Atl.Sul,19864,246858962,50245,57632,1200863,330,52,241,233,939,359,160654,6508,4%
FF1,Flor,FF1.02,2011,SP,Cerrado,Cerrado,RB.Parana,36068,137995693,28087,32217,671290,216,30,46,145,708,229,112359,48844,43%
FF1,Flor,FF1.03,2011,SP,Cerrado,Cerrado,RB.Parana,40008,186294186,37918,43493,906241,271,40,61,186,729,257,128761,49313,38%
FF1,Flor,FF1.04,2011,SP,Cerrado,Cerrado,RB.Parana,33191,145662121,29647,34006,708584,225,31,48,152,691,229,114247,28657,25%
FF1,Flor,FF1.05,2011,MG,Cerrado,Cerrado,RB.Parana,57134,283657814,57735,66223,1379873,361,59,90,259,804,314,158223,344663,218%
FC2,Flor/Ind,FC2.01,2011,BA,Caatinga,Caatinga,RB.Atl.Leste,13,20811059,32326,8959,675093,35,34,126,45,2,48,33797,0,0%
FC2,Flor/Ind,FC2.02,2011,MG,Fl.Int.Bahia,Mat.Atlantica,RB.S.Francisco,7,37227055,57824,16025,1207613,61,59,94,78,7,60,43698,0,0%
FC2,Flor/Ind,FC2.03,2011,PE,Fl.Int.PE,Mat.Atlantica,RB.At.NE.Or,15,17205782,26726,7407,558141,29,28,482,38,112,138,49630,0,0%
FC2,Flor/Ind,FC2.04,2011,RS,Campos.Sulinos,Pampa,RB.Atl.Sul,7,40329309,62643,17361,1308248,66,64,257,84,5,95,54377,0,0%
FC2,Flor/Ind,FC2.05,2011,SC,Fl.Araucaria,Mat.Atlantica,RB.Uruguai,85,3131452,4864,1348,101582,5,5,16,7,74,22,13878,0,0%
FC2,Flor/Ind,FC2.06,2011,SC,Fl.Araucaria,Mat.Atlantica,RB.Uruguai,19,14233874,22109,6127,461735,24,23,68,31,17,33,25759,0,0%
FC2,Flor/Ind,FC2.07,2011,SP,Fl.Cost.SM,Mat.Atlantica,RB.Parana,30,8729860,13560,3758,283189,15,15,20,19,46,23,19237,0,0%
FC2,Flor/Ind,FC2.08,2011,SP,Fl.Int.Par.Paran,Mat.Atlantica,RB.Parana,7,40086362,62266,17256,1300367,66,63,85,83,4,60,44819,0,0%
FF2,Flor,FF2.01,2011,PR,Fl.Araucaria,Mat.Atlantica,RB.Parana,277635,1138030939,1767688,489891,36916738,666,658,725,721,996,753,341633,2282174,668%
FF2,Flor,FF2.02,2011,SC,Fl.Cost.SM,Mat.Atlantica,RB.Atl.Sul,25600,104934868,162994,45172,3403996,155,151,473,192,976,390,129736,12663,10%
FF2,Flor,FF2.03,2011,SC,Fl.Araucaria,Mat.Atlantica,RB.Uruguai,129084,529118946,821873,227771,17164160,481,472,732,545,992,645,256254,287393,112%
FF2,Flor,FF2.04,2011,SP,Fl.Int.Par.Paran,Mat.Atlantica,RB.Parana,8745,35845054,55678,15430,1162783,59,57,77,75,836,221,74861,9521,13%
AG1,Agrop/Alim,AG1.01,2011,GO,Cerrado,Cerrado,RB.Parana,107,470633516,121646,22291,2138735,45,117,133,105,7,81,103860,651,1%
AG1,Agrop/Alim,AG1.02,2011,SC,Fl.Araucaria,Mat.Atlantica,RB.Uruguai,533,10025194,2591,475,45558,1,3,7,2,333,69,31801,1340,4%
AG1,Agrop/Alim,AG1.03,2011,SC,Fl.Araucaria,Mat.Atlantica,RB.Uruguai,533,466474431,120571,22094,2119834,45,116,252,104,333,170,141176,1340,1%
AG1,Agrop/Alim,AG1.04,2011,PR,Cerrado,Cerrado,RB.Parana,1704,947130176,244808,44859,4304114,87,210,235,191,103,165,171319,1508,1%
AG1,Agrop/Alim,AG1.05,2011,SC,Fl.Araucaria,Mat.Atlantica,RB.Uruguai,533,471870247,121966,22349,2144355,45,117,254,105,333,171,141993,1340,1%
AG1,Agrop/Alim,AG1.06,2011,SC,Fl.Araucaria,Mat.Atlantica,RB.Uruguai,1065,957921808,247597,45370,4353155,88,212,409,193,500,280,214581,1896,1%
AG1,Agrop/Alim,AG1.07,2011,PR,Fl.Araucaria,Mat.Atlantica,RB.Parana,852,465672668,120364,22056,2116191,45,116,131,104,444,168,140391,1344,1%
AG1,Agrop/Alim,AG1.08,2011,MS,Cerrado,Cerrado,RB.Parana,76,465237700,120251,22035,2114214,45,116,131,104,5,80,102853,241,0%
AG1,Agrop/Alim,AG1.09,2011,RJ,Fl.Cost.SM,Mat.Atlantica,RB.Atl.SE,12,2527233,653,120,11485,0,1,1,1,19,4,6727,0,0%
AG1,Agrop/Alim,AG1.10,2011,PR,Fl.Araucaria,Mat.Atlantica,RB.Parana,852,470633516,121646,22291,2138735,45,117,133,105,444,169,141087,1344,1%
AG1,Agrop/Alim,AG1.11,2011,RS,Fl.Araucaria,Mat.Atlantica,RB.Atl.Sul,22,470633516,121646,22291,2138735,45,117,361,105,20,130,126301,185,0%
AG1,Agrop/Alim,AG1.12,2011,SC,Fl.Araucaria,Mat.Atlantica,RB.Uruguai,533,4974195,1286,236,22605,1,1,4,1,333,68,25737,1340,5%
AG1,Agrop/Alim,AG1.13,2011,GO,Cerrado,Cerrado,RB.Parana,33,466474431,120571,22094,2119834,45,116,132,104,2,80,102721,103,0%
AG1,Agrop/Alim,AG1.14,2011,RS,Fl.Int.Par.Paran,Mat.Atlantica,RB.Atl.Sul,44,951215422,245864,45053,4322678,87,211,533,192,25,210,189531,267,0%
AG1,Agrop/Alim,AG1.15,2011,MT,Cerrado,Cerrado,RB.Amazonica,625,476844442,123251,22585,2166959,46,118,1,106,40,62,93260,1207,1%
AG1,Agrop/Alim,AG1.16,2011,RS,Fl.Araucaria,Mat.Atlantica,RB.Atl.Sul,66,1425788682,368528,67530,6479317,126,286,631,262,58,273,238026,369,0%
AG1,Agrop/Alim,AG1.17,2011,GO,Cerrado,Cerrado,RB.Parana,13,466474431,120571,22094,2119834,45,116,132,104,1,79,102574,0,0%
AG1,Agrop/Alim,AG1.18,2011,MT,Fl.Sec.Chiquit,Amazonia,RB.Paraguai,625,470633516,121646,22291,2138735,45,117,45,105,656,194,149491,1428,1%
AG1,Agrop/Alim,AG1.19,2011,MT,Cerrado,Cerrado,RB.Amazonica,625,465237700,120251,22035,2114214,45,116,1,104,40,61,91849,1207,1%
AG1,Agrop/Alim,AG1.20,2011,PR,Fl.Cost.SM,Mat.Atlantica,RB.Atl.Sul,852,2962202,766,140,13461,0,1,4,1,576,116,27749,1223,4%
AG1,Agrop/Alim,AG1.21,2011,PR,Cerrado,Cerrado,RB.Parana,852,2527233,653,120,11485,0,1,1,1,54,11,9966,1066,11%
AG1,Agrop/Alim,AG1.22,2011,GO,Cerrado,Cerrado,RB.Parana,4442,473631043,122421,22433,2152357,46,117,133,106,230,126,125207,2567,2%
AG1,Agrop/Alim,AG1.23,2011,RS,Fl.Araucaria,Mat.Atlantica,RB.Atl.Sul,22,465237700,120251,22035,2114214,45,116,358,104,20,129,125436,185,0%
AG1,Agrop/Alim,AG1.24,2011,SP,Fl.Cost.SM,Mat.Atlantica,RB.Parana,16,2527233,653,120,11485,0,1,1,1,25,5,7327,0,0%
AG1,Agrop/Alim,AG1.25,2011,PR,Fl.Araucaria,Mat.Atlantica,RB.Parana,852,478225096,123608,22650,2173234,46,118,134,107,444,170,142146,1344,1%
AG1,Agrop/Alim,AG1.26,2011,MG,Cerrado,Cerrado,RB.Parana,7623,477279410,123364,22606,2168936,46,118,134,106,339,149,134359,2940,2%
AG1,Agrop/Alim,AG1.27,2011,MT,Cerrado,Cerrado,RB.Paraguai,625,466474431,120571,22094,2119834,45,116,45,104,40,70,97281,1207,1%
AG1,Agrop/Alim,AG1.28,2011,SC,Fl.Araucaria,Mat.Atlantica,RB.Uruguai,1598,1410906138,364681,66825,6411685,124,284,505,260,600,355,264998,2322,1%
AG1,Agrop/Alim,AG1.29,2011,PE,Fl.Int.PE,Mat.Atlantica,RB.At.NE.Or,156,2962202,766,140,13461,0,1,22,1,561,117,27810,326,1%
HP1,Hidro,HP1.01,2012,MG,Cerrado,Cerrado,RB.Parana,44924,457094016,385236,58690,95826,13,295,7,236,752,261,167916,339193,202%
HP1,Hidro,HP1.02,2012,MG,Cerrado,Cerrado,RB.Parana,57600,1068345229,900394,137174,223970,31,495,16,420,795,351,243440,0,0%
HP1,Hidro,HP1.03,2012,MG,Cerrado,Cerrado,RB.Parana,7335,41228088,34747,5294,8643,1,36,1,27,331,79,50677,0,0%
HP1,Hidro,HP1.04,2012,MG,Cerrado,Cerrado,RB.Parana,172,46605664,39279,5984,9771,1,41,1,31,11,17,27524,2323,8%
HP1,Hidro,HP1.05,2012,MG,Cerrado,Cerrado,RB.Parana,3460,380015417,320274,48793,79667,11,258,6,205,189,134,120252,0,0%
HP1,Hidro,HP1.06,2012,MG,Cerrado,Cerrado,RB.Parana,70329,1532609348,1291672,196785,321299,43,584,22,509,826,397,284579,0,0%
HP1,Hidro,HP1.07,2012,MG,Cerrado,Cerrado,RB.Parana,5186,365675213,308188,46952,76661,11,251,5,198,259,145,122986,36278,29%
HP1,Hidro,HP1.08,2012,MG,Cerrado,Cerrado,RB.Parana,20500,340579855,287038,43730,71400,138,860,59,889,937,577,446139,25882,6%
HP1,Hidro,HP1.09,2012,MG,Cerrado,Cerrado,RB.Parana,5023,188215183,158626,24167,39458,6,147,3,113,253,104,88341,0,0%
HP1,Hidro,HP1.10,2012,MG,Cerrado,Cerrado,RB.Parana,3732,218394930,184062,28042,45785,6,180,3,137,223,70,114519,0,0%
HP1,Hidro,HP1.11,2012,MG,Fl.Int.Par.Paran,Mat.Atlantica,RB.Parana,9022,189532690,159736,24336,39734,6,160,3,121,466,81,126437,0,0%
HP1,Hidro,HP1.12,2012,MG,Fl.Int.Bahia,Mat.Atlantica,RB.Atl.SE,576,91418803,77047,11738,19165,3,77,1,58,37,35,45520,0,0%
HP1,Hidro,HP1.13,2012,MG,Cerrado,Cerrado,RB.Atl.Leste,14295,322654599,271931,41428,67642,9,228,14,179,490,184,131223,227679,174%
HP1,Hidro,HP1.14,2012,MG,Fl.Int.Bahia,Mat.Atlantica,RB.Parana,4265,161327300,135965,20714,33821,5,129,2,98,800,207,112687,0,0%
HP1,Hidro,HP1.15,2012,ES,Fl.Int.Bahia,Mat.Atlantica,RB.Atl.SE,191,49294453,41545,6329,10334,1,43,1,32,13,18,28699,0,0%
HP1,Hidro,HP1.16,2012,MG,Fl.Int.Bahia,Mat.Atlantica,RB.Atl.SE,150,69908497,58918,8976,14656,2,60,1,45,10,24,35583,0,0%
HP1,Hidro,HP1.17,2012,MG,Fl.Int.Bahia,Mat.Atlantica,RB.Atl.SE,3290,295766716,249270,37976,62005,9,213,4,167,181,115,104916,0,0%
HP1,Hidro,HP1.18,2012,MG,Fl.Int.Bahia,Mat.Atlantica,RB.Atl.SE,17,100381431,84601,12889,21044,3,84,2,64,1,31,44053,0,0%
HP1,Hidro,HP1.19,2012,MG,Cerrado,Cerrado,RB.S.Francisco,109000,354920059,299124,45571,74406,138,860,59,889,937,577,446139,0,0%
HP1,Hidro,HP1.20,2012,MG,Cerrado,Cerrado,RB.S.Francisco,3943,94107592,79313,12083,19729,3,79,1,60,210,71,61365,0,0%
HP2,Hidro,HP2.01,2012,RS,Campos.Sulinos,Pampa,RB.Uruguai,15200,62972801,2992,35104,145099,31,3,23,156,922,227,89190,5677,6%
HP2,Hidro,HP2.02,2012,RS/SC,Fl.Int.Par.Paran,Mat.Atlantica,RB.Uruguai,14100,404029032,135,225225,930944,172,0,129,543,892,347,182710,206607,113%
HP2,Hidro,HP2.03,2012,RS/SC,Fl.Araucaria,Mat.Atlantica,RB.Uruguai,7900,317650411,6201,177073,731915,140,7,104,483,881,323,165338,7434,4%
HP2,Hidro,HP2.04,2012,PR,Fl.Int.Par.Paran,Mat.Atlantica,RB.Parana,5600,300374687,4993,167443,692109,133,5,47,469,766,284,154140,0,0%
HP2,Hidro,HP2.05,2012,PR,Fl.Int.Par.Paran,Mat.Atlantica,RB.Parana,21000,395669811,3126,220565,911683,169,3,61,538,924,339,179847,0,0%
HP2,Hidro,HP2.06,2012,MT/MS,Cerrado,Cerrado,RB.Paraguai,1900,49068629,139,27353,113062,25,0,3,126,113,53,45142,665640,1475%
HP2,Hidro,HP2.07,2012,GO,Cerrado,Cerrado,RB.Tocantins,13900,125388320,89,69897,288914,60,0,4,269,483,163,94859,1176,1%
HP2,Hidro,HP2.08,2012,TO,Cerrado,Cerrado,RB.Tocantins,10400,67765421,83,37776,156142,34,0,2,166,412,123,70363,4531,6%
HP2,Hidro,HP2.09,2012,TO/MA,Cerrado,Cerrado,RB.Tocantins,59000,302882454,61,168841,697887,134,0,10,471,799,283,154233,7349,5%
FC1,Flor/Ind,FC1.01,2012,SP,Fl.Cost.SM,Mat.Atlantica,RB.Parana,7,183976981,50280,13583,182732,175,52,13,67,11,63,71254,0,0%
FC1,Flor/Ind,FC1.02,2012,SP,Fl.Cost.SM,Mat.Atlantica,RB.Parana,13,183976981,50280,13583,182732,175,52,13,67,20,65,72109,0,0%
FC1,Flor/Ind,FC1.03,2012,SP,Fl.Cost.SM,Mat.Atlantica,RB.Parana,13,80869003,22101,5970,80322,85,23,6,31,20,33,42640,0,0%
FC1,Flor/Ind,FC1.04,2012,RS,Campos.Sulinos,Pampa,RB.Atl.Sul,8,40434501,11051,2985,40161,45,12,10,15,6,18,26826,0,0%
FC1,Flor/Ind,FC1.05,2012,PE,Fl.Cost.PE,Mat.Atlantica,RB.At.NE.Or,9,40434501,11051,2985,40161,45,12,63,15,93,46,39930,0,0%
FC1,Flor/Ind,FC1.06,2012,PB,Fl.Int.PE,Mat.Atlantica,RB.At.NE.Or,8,36391051,9946,2687,36145,40,11,57,14,60,36,35267,0,0%
FF1,Flor,FF1.01,2012,RS,Campos.Sulinos,Pampa,RB.Atl.Sul,19119,267661943,73148,55661,1402733,322,74,270,227,937,366,165807,6350,4%
FF1,Flor,FF1.02,2012,SP,Cerrado,Cerrado,RB.Parana,40683,149624688,40890,31115,784136,210,43,53,141,733,236,116452,48697,42%
FF1,Flor,FF1.03,2012,SP,Cerrado,Cerrado,RB.Parana,40245,201993329,55202,42005,1058584,264,57,70,181,730,260,132474,49173,37%
FF1,Flor,FF1.04,2012,SP,Cerrado,Cerrado,RB.Parana,25615,157937171,43162,32844,827699,219,45,56,148,633,220,114905,29084,25%
FF1,Flor,FF1.05,2012,MG,Cerrado,Cerrado,RB.Parana,61333,307561859,84053,63959,1611835,353,84,103,252,805,319,163041,345073,212%
FC2,Flor/Ind,FC2.01,2012,BA,Caatinga,Caatinga,RB.Atl.Leste,13,8797603,14959,4107,298204,15,16,60,21,2,23,19222,0,0%
FC2,Flor/Ind,FC2.02,2012,MG,Fl.Int.Bahia,Mat.Atlantica,RB.S.Francisco,7,15737251,26759,7347,533431,27,28,44,37,7,29,25000,0,0%
FC2,Flor/Ind,FC2.03,2012,PE,Fl.Int.PE,Mat.Atlantica,RB.At.NE.Or,15,7273519,12368,3396,246544,13,13,291,18,112,89,32234,0,0%
FC2,Flor/Ind,FC2.04,2012,RS,Campos.Sulinos,Pampa,RB.Atl.Sul,7,17048689,28989,7959,577884,30,31,132,40,5,48,31667,0,0%
FC2,Flor/Ind,FC2.05,2012,SC,Fl.Araucaria,Mat.Atlantica,RB.Uruguai,85,1323781,2251,618,44871,2,2,7,3,74,18,9985,0,0%
FC2,Flor/Ind,FC2.06,2012,SC,Fl.Araucaria,Mat.Atlantica,RB.Uruguai,19,6017184,10231,2809,203959,11,11,31,15,17,17,15187,0,0%
FC2,Flor/Ind,FC2.07,2012,SP,Fl.Cost.SM,Mat.Atlantica,RB.Parana,30,103960445,176769,48535,3523853,157,161,201,204,46,154,87570,0,0%
FC2,Flor/Ind,FC2.08,2012,SP,Fl.Int.Par.Paran,Mat.Atlantica,RB.Parana,7,16945986,28814,7911,574403,29,30,39,40,4,29,25534,0,0%
FF2,Flor,FF2.01,2012,PR,Fl.Araucaria,Mat.Atlantica,RB.Parana,275793,1182012131,2009837,551840,40065597,678,686,741,744,996,769,348466,2282070,655%
FF2,Flor,FF2.02,2012,SC,Fl.Cost.SM,Mat.Atlantica,RB.Atl.Sul,25600,103326614,175692,48240,3502369,156,160,480,203,976,395,129923,12663,10%
FF2,Flor,FF2.03,2012,SC,Fl.Araucaria,Mat.Atlantica,RB.Uruguai,124129,501008958,851892,233903,16982248,472,481,730,552,991,645,252356,287460,114%
FF2,Flor,FF2.04,2012,SP,Fl.Int.Par.Paran,Mat.Atlantica,RB.Parana,8783,35449424,60277,16550,1201597,60,62,79,80,837,223,74981,9670,13%
AG1,Agrop/Alim,AG1.01,2012,GO,Cerrado,Cerrado,RB.Parana,107,476523457,113616,29930,2090512,45,110,130,136,7,86,106530,651,1%
AG1,Agrop/Alim,AG1.02,2012,SC,Fl.Araucaria,Mat.Atlantica,RB.Uruguai,533,10236639,2441,643,44908,1,3,7,3,333,69,32018,1340,4%
AG1,Agrop/Alim,AG1.03,2012,SC,Fl.Araucaria,Mat.Atlantica,RB.Uruguai,533,472277290,112603,29663,2071884,45,109,248,135,333,174,143059,1340,1%
AG1,Agrop/Alim,AG1.04,2012,PR,Cerrado,Cerrado,RB.Parana,1704,958733949,228587,60217,4205973,87,199,231,241,103,172,174896,1508,1%
AG1,Agrop/Alim,AG1.05,2012,SC,Fl.Araucaria,Mat.Atlantica,RB.Uruguai,533,477911334,113947,30017,2096601,45,110,250,137,333,175,143916,1340,1%
AG1,Agrop/Alim,AG1.06,2012,SC,Fl.Araucaria,Mat.Atlantica,RB.Uruguai,1065,970002035,231274,60924,4255406,88,201,404,243,500,287,217504,1896,1%
AG1,Agrop/Alim,AG1.07,2012,PR,Fl.Araucaria,Mat.Atlantica,RB.Parana,852,481549661,114814,30245,2112562,45,111,131,137,444,174,143757,1344,1%
AG1,Agrop/Alim,AG1.08,2012,MS,Cerrado,Cerrado,RB.Parana,76,470889414,112272,29576,2065795,45,109,129,135,5,84,105488,241,0%
AG1,Agrop/Alim,AG1.09,2012,RJ,Fl.Cost.SM,Mat.Atlantica,RB.Atl.SE,12,2349831,560,148,10309,0,1,1,1,19,4,6576,0,0%
AG1,Agrop/Alim,AG1.10,2012,PR,Fl.Araucaria,Mat.Atlantica,RB.Parana,852,476523457,113616,29930,2090512,45,110,130,136,444,173,143112,1344,1%
AG1,Agrop/Alim,AG1.11,2012,RS,Fl.Araucaria,Mat.Atlantica,RB.Atl.Sul,22,476523457,113616,29930,2090512,45,110,356,136,20,133,128305,185,0%
AG1,Agrop/Alim,AG1.12,2012,SC,Fl.Araucaria,Mat.Atlantica,RB.Uruguai,533,4994536,1191,314,21911,1,1,3,2,333,68,25774,1340,5%
AG1,Agrop/Alim,AG1.13,2012,GO,Cerrado,Cerrado,RB.Parana,33,472277290,112603,29663,2071884,45,109,129,135,2,84,105387,103,0%
AG1,Agrop/Alim,AG1.14,2012,RS,Fl.Int.Par.Paran,Mat.Atlantica,RB.Atl.Sul,44,963035986,229613,60487,4224846,87,200,527,242,25,216,192702,267,0%
AG1,Agrop/Alim,AG1.15,2012,MT,Cerrado,Cerrado,RB.Amazonica,625,482905870,115137,30331,2118512,46,111,1,138,40,67,96622,1207,1%
AG1,Agrop/Alim,AG1.16,2012,RS,Fl.Araucaria,Mat.Atlantica,RB.Atl.Sul,66,1443378157,344139,90656,6332111,126,272,626,323,58,281,241914,369,0%
AG1,Agrop/Alim,AG1.17,2012,GO,Cerrado,Cerrado,RB.Parana,13,472277290,112603,29663,2071884,45,109,129,135,1,84,105244,0,0%
AG1,Agrop/Alim,AG1.18,2012,MT,Fl.Sec.Chiquit,Amazonia,RB.Paraguai,625,476523457,113616,29930,2090512,45,110,44,136,656,198,151535,1428,1%
AG1,Agrop/Alim,AG1.19,2012,MT,Cerrado,Cerrado,RB.Amazonica,625,470889414,112272,29576,2065795,45,109,1,135,40,66,95132,1207,1%
AG1,Agrop/Alim,AG1.20,2012,PR,Fl.Cost.SM,Mat.Atlantica,RB.Atl.Sul,852,13010078,3102,817,57075,0,3,15,4,576,120,43152,1223,3%
AG1,Agrop/Alim,AG1.21,2012,PR,Cerrado,Cerrado,RB.Parana,852,2349831,560,148,10309,0,1,1,1,54,11,9755,1066,11%
AG1,Agrop/Alim,AG1.22,2012,GO,Cerrado,Cerrado,RB.Parana,4442,479229717,114261,30100,2102384,46,111,131,137,230,131,127414,2567,2%
AG1,Agrop/Alim,AG1.23,2012,RS,Fl.Araucaria,Mat.Atlantica,RB.Atl.Sul,22,470889414,112272,29576,2065795,45,109,353,135,20,132,127398,185,0%
AG1,Agrop/Alim,AG1.24,2012,SP,Fl.Cost.SM,Mat.Atlantica,RB.Parana,16,2349831,560,148,10309,0,1,1,1,25,5,7170,0,0%
AG1,Agrop/Alim,AG1.25,2012,PR,Fl.Araucaria,Mat.Atlantica,RB.Parana,852,494136131,117815,31036,2167779,46,114,134,141,444,176,145520,1344,1%
AG1,Agrop/Alim,AG1.26,2012,MG,Cerrado,Cerrado,RB.Parana,7623,493566118,117679,31000,2165278,46,113,134,140,339,155,137866,2940,2%
AG1,Agrop/Alim,AG1.27,2012,MT,Cerrado,Cerrado,RB.Paraguai,625,472277290,112603,29663,2071884,45,109,44,135,40,75,100285,1207,1%
AG1,Agrop/Alim,AG1.28,2012,SC,Fl.Araucaria,Mat.Atlantica,RB.Uruguai,1598,1458456770,347734,91604,6398261,124,274,504,326,600,366,271014,2322,1%
AG1,Agrop/Alim,AG1.29,2012,PE,Fl.Int.PE,Mat.Atlantica,RB.At.NE.Or,156,13010078,3102,817,57075,0,3,87,4,561,131,44820,326,1%
HP1,Hidro,HP1.01,2013,MG,Cerrado,Cerrado,RB.Parana,44924,412537808,556471,149151,86755,15,377,6,440,752,318,177212,339193,191%
HP1,Hidro,HP1.02,2013,MG,Cerrado,Cerrado,RB.Parana,57600,964206014,1300614,348603,202768,35,586,14,648,795,416,253642,0,0%
HP1,Hidro,HP1.03,2013,MG,Cerrado,Cerrado,RB.Parana,7335,37209293,50191,13453,7825,1,52,1,66,331,90,51932,0,0%
HP1,Hidro,HP1.04,2013,MG,Cerrado,Cerrado,RB.Parana,172,42062678,56738,15208,8846,2,58,1,74,11,29,33522,2323,7%
HP1,Hidro,HP1.05,2013,MG,Cerrado,Cerrado,RB.Parana,3460,342972609,462635,124000,72125,13,335,5,395,189,187,134499,0,0%
HP1,Hidro,HP1.06,2013,MG,Cerrado,Cerrado,RB.Parana,70329,1383215004,1865814,500093,290883,50,670,20,725,826,458,293396,0,0%
HP1,Hidro,HP1.07,2013,MG,Cerrado,Cerrado,RB.Parana,5186,330030247,445177,119320,69404,12,326,5,386,259,198,136031,36278,27%
HP1,Hidro,HP1.08,2013,MG,Cerrado,Cerrado,RB.Parana,20500,307381112,414625,111132,64641,12,311,5,369,580,255,148353,25882,17%
HP1,Hidro,HP1.09,2013,MG,Cerrado,Cerrado,RB.Parana,5023,169868509,229135,61415,35723,6,199,3,244,253,141,97394,0,0%
HP1,Hidro,HP1.10,2013,MG,Cerrado,Cerrado,RB.Parana,3732,197106423,265876,71263,41450,7,250,3,312,633,241,151910,0,0%
HP1,Hidro,HP1.11,2013,MG,Fl.Int.Par.Paran,Mat.Atlantica,RB.Parana,9022,171057588,230738,61844,35972,7,223,3,280,835,294,160080,0,0%
HP1,Hidro,HP1.12,2013,MG,Fl.Int.Bahia,Mat.Atlantica,RB.Atl.SE,576,82507562,111294,29830,17351,3,108,1,136,251,100,68325,0,0%
HP1,Hidro,HP1.13,2013,MG,Cerrado,Cerrado,RB.Atl.Leste,14295,291203159,392803,105283,61239,11,299,13,357,490,234,140835,227679,162%
HP1,Hidro,HP1.14,2013,MG,Fl.Int.Bahia,Mat.Atlantica,RB.Parana,4265,145601579,196401,52641,30619,6,176,2,217,800,240,116456,0,0%
HP1,Hidro,HP1.15,2013,ES,Fl.Int.Bahia,Mat.Atlantica,RB.Atl.SE,191,44489371,60012,16085,9356,2,61,1,78,152,59,45741,0,0%
HP1,Hidro,HP1.16,2013,MG,Fl.Int.Bahia,Mat.Atlantica,RB.Atl.SE,150,63094018,85107,22811,13268,2,85,1,107,124,64,52389,0,0%
HP1,Hidro,HP1.17,2013,MG,Fl.Int.Bahia,Mat.Atlantica,RB.Atl.SE,3290,266936229,360069,96509,56135,10,281,6,337,756,278,147625,0,0%
HP1,Hidro,HP1.18,2013,MG,Fl.Int.Bahia,Mat.Atlantica,RB.Atl.SE,17,90596538,122205,32755,19052,3,117,2,147,16,57,55520,0,0%
HP1,Hidro,HP1.19,2013,MG,Cerrado,Cerrado,RB.S.Francisco,109000,320323475,432083,115811,67362,12,320,6,379,880,319,164949,0,0%
HP1,Hidro,HP1.20,2013,MG,Cerrado,Cerrado,RB.S.Francisco,3943,84934255,114568,30707,17861,3,111,2,139,210,93,66833,0,0%
HP2,Hidro,HP2.01,2013,RS,Campos.Sulinos,Pampa,RB.Uruguai,15200,61873156,3334,47225,187683,31,4,29,199,922,237,90338,5677,6%
HP2,Hidro,HP2.02,2013,SC/RS,Fl.Int.Par.Paran,Mat.Atlantica,RB.Uruguai,14100,396973791,134,302989,1204158,169,0,161,615,892,367,186172,206607,111%
HP2,Hidro,HP2.03,2013,SC/RS,Fl.Araucaria,Mat.Atlantica,RB.Uruguai,7900,312103533,6841,238212,946717,138,7,131,557,881,343,168662,7434,4%
HP2,Hidro,HP2.04,2013,PR,Fl.Int.Par.Paran,Mat.Atlantica,RB.Parana,5600,295129481,5214,225257,895229,131,6,60,543,766,301,157155,0,0%
HP2,Hidro,HP2.05,2013,PR,Fl.Int.Par.Paran,Mat.Atlantica,RB.Parana,21000,388760541,3507,296720,1179244,166,4,78,610,924,356,182729,0,0%
HP2,Hidro,HP2.06,2013,MT,Cerrado,Cerrado,RB.Paraguai,1900,48211783,126,36798,146243,24,0,3,162,113,61,47414,665640,1404%
HP2,Hidro,HP2.07,2013,GO,Cerrado,Cerrado,RB.Tocantins,13900,123198763,105,94031,373704,59,0,5,331,483,176,97338,1176,1%
HP2,Hidro,HP2.08,2013,TO,Cerrado,Cerrado,RB.Tocantins,10400,66582087,149,50819,201966,33,0,3,211,412,132,72134,4531,6%
HP2,Hidro,HP2.09,2013,TO/MA,Cerrado,Cerrado,RB.Tocantins,59000,297593456,566,227137,902703,132,1,13,545,799,298,156833,7349,5%
FC1,Flor/Ind,FC1.01,2013,SP,Fl.Cost.SM,Mat.Atlantica,RB.Parana,7,190759472,52605,13394,328778,243,52,22,64,11,78,77744,0,0%
FC1,Flor/Ind,FC1.02,2013,SP,Fl.Cost.SM,Mat.Atlantica,RB.Parana,13,190759472,52605,13394,328778,243,52,22,64,20,80,78501,0,0%
FC1,Flor/Ind,FC1.03,2013,SP,Fl.Cost.SM,Mat.Atlantica,RB.Parana,13,62035601,17107,4356,106920,94,18,7,22,20,32,38626,0,0%
FC1,Flor/Ind,FC1.04,2013,RS,Campos.Sulinos,Pampa,RB.Atl.Sul,8,31017800,8554,2178,53460,50,9,13,11,6,18,24596,0,0%
FC1,Flor/Ind,FC1.05,2013,PE,Fl.Cost.PE,Mat.Atlantica,RB.At.NE.Or,9,31017800,8554,2178,53460,50,9,79,11,93,48,37459,0,0%
FC1,Flor/Ind,FC1.06,2013,PB,Fl.Int.PE,Mat.Atlantica,RB.At.NE.Or,8,28691465,7912,2015,49450,46,8,73,10,60,40,33717,0,0%
FC1,Flor/Ind,FC1.07,2013,SP,Fl.Cost.SM,Mat.Atlantica,RB.Atl.SE,4,12096942,3336,849,20849,178,3,2,4,6,39,25981,0,0%
FC1,Flor/Ind,FC1.08,2013,RJ,Fl.Cost.SM,Mat.Atlantica,RB.Atl.SE,6,37221360,10264,2613,64152,59,11,7,13,10,20,27215,0,0%
FF1,Flor,FF1.01,2013,RS,Campos.Sulinos,Pampa,RB.Atl.Sul,22980,247069460,200723,51596,1133969,338,69,230,214,947,360,160820,7467,5%
FF1,Flor,FF1.02,2013,SP,Cerrado,Cerrado,RB.Parana,40597,139412234,113260,29113,639857,224,40,44,133,732,235,113836,48733,43%
FF1,Flor,FF1.03,2013,SP,Cerrado,Cerrado,RB.Parana,40158,184721210,150070,38575,847811,276,52,57,169,730,257,128346,49207,38%
FF1,Flor,FF1.04,2013,SP,Cerrado,Cerrado,RB.Parana,25528,214539938,174295,44802,984669,307,60,66,191,632,251,132790,29119,22%
FF1,Flor,FF1.05,2013,MG,Cerrado,Cerrado,RB.Parana,60888,284246056,230926,59359,1304598,370,79,85,238,804,315,158463,345943,218%
FC2,Flor/Ind,FC2.01,2013,BA,Caatinga,Caatinga,RB.Atl.Leste,13,7770098,13540,3857,247782,16,15,50,20,2,21,17705,0,0%
FC2,Flor/Ind,FC2.02,2013,MG,Fl.Int.Bahia,Mat.Atlantica,RB.S.Francisco,7,13899239,24220,6899,443235,28,26,37,35,7,26,23309,0,0%
FC2,Flor/Ind,FC2.03,2013,PE,Fl.Int.PE,Mat.Atlantica,RB.At.NE.Or,15,12848036,22388,6377,409713,26,24,405,33,112,120,43027,0,0%
FC2,Flor/Ind,FC2.04,2013,RS,Campos.Sulinos,Pampa,RB.Atl.Sul,7,15057509,26238,7474,480171,26,28,112,38,5,42,28950,0,0%
FC2,Flor/Ind,FC2.05,2013,SC,Fl.Araucaria,Mat.Atlantica,RB.Uruguai,85,1169171,2037,580,37284,2,2,6,3,74,18,9561,0,0%
FC2,Flor/Ind,FC2.06,2013,SC,Fl.Araucaria,Mat.Atlantica,RB.Uruguai,19,5314415,9261,2638,169472,11,10,26,14,17,16,14147,0,0%
FC2,Flor/Ind,FC2.07,2013,SP,Fl.Cost.SM,Mat.Atlantica,RB.Parana,30,69235505,120646,34366,2207861,126,116,136,153,46,116,69030,0,0%
FC2,Flor/Ind,FC2.08,2013,SP,Fl.Int.Par.Paran,Mat.Atlantica,RB.Parana,7,14966801,26080,7429,477278,30,28,33,38,4,27,23834,0,0%
FF2,Flor,FF2.01,2013,PR,Fl.Araucaria,Mat.Atlantica,RB.Parana,275793,1140600216,1987547,566156,36372757,704,684,722,749,996,771,345200,2282031,661%
FF2,Flor,FF2.02,2013,SC,Fl.Cost.SM,Mat.Atlantica,RB.Atl.Sul,25600,99356844,173134,49317,3168404,171,158,455,206,976,394,128243,12663,10%
FF2,Flor,FF2.03,2013,SC,Fl.Araucaria,Mat.Atlantica,RB.Uruguai,130723,507353190,884086,251833,16179055,513,490,720,570,992,657,255232,287988,113%
FF2,Flor,FF2.04,2013,SP,Fl.Int.Par.Paran,Mat.Atlantica,RB.Parana,8783,47924738,83511,23788,1528279,91,83,98,111,837,244,84934,9670,11%
AG1,Agrop/Alim,AG1.01,2013,GO,Cerrado,Cerrado,RB.Parana,107,445263206,120765,30530,2239804,53,116,138,139,7,91,106926,651,1%
AG1,Agrop/Alim,AG1.02,2013,SC,Fl.Araucaria,Mat.Atlantica,RB.Uruguai,533,8754103,2374,600,44036,1,3,7,3,333,69,30585,1340,4%
AG1,Agrop/Alim,AG1.03,2013,SC,Fl.Araucaria,Mat.Atlantica,RB.Uruguai,533,441594594,119770,30278,2221350,53,115,261,138,333,180,142298,1340,1%
AG1,Agrop/Alim,AG1.04,2013,PR,Cerrado,Cerrado,RB.Parana,1704,894404676,242583,61325,4499117,102,209,243,244,103,180,174688,1508,1%
AG1,Agrop/Alim,AG1.05,2013,SC,Fl.Araucaria,Mat.Atlantica,RB.Uruguai,533,446499311,121101,30614,2246022,53,116,263,139,333,181,143096,1340,1%
AG1,Agrop/Alim,AG1.06,2013,SC,Fl.Araucaria,Mat.Atlantica,RB.Uruguai,1065,904214109,245243,61998,4548461,103,211,420,246,500,296,215814,1896,1%
AG1,Agrop/Alim,AG1.07,2013,PR,Fl.Araucaria,Mat.Atlantica,RB.Parana,852,449798682,121995,30840,2262619,54,117,139,140,444,179,142666,1344,1%
AG1,Agrop/Alim,AG1.08,2013,MS,Cerrado,Cerrado,RB.Parana,76,440358489,119435,30193,2215132,53,115,137,137,5,89,105949,241,0%
AG1,Agrop/Alim,AG1.09,2013,RJ,Fl.Cost.SM,Mat.Atlantica,RB.Atl.SE,12,2115989,574,145,10644,0,1,1,1,19,4,6386,0,0%
AG1,Agrop/Alim,AG1.10,2013,PR,Fl.Araucaria,Mat.Atlantica,RB.Parana,852,445263206,120765,30530,2239804,53,116,138,139,444,178,141981,1344,1%
AG1,Agrop/Alim,AG1.11,2013,RS,Fl.Araucaria,Mat.Atlantica,RB.Atl.Sul,22,445263206,120765,30530,2239804,53,116,372,139,20,140,128343,185,0%
AG1,Agrop/Alim,AG1.12,2013,SC,Fl.Araucaria,Mat.Atlantica,RB.Uruguai,533,4182016,1134,287,21037,1,1,3,2,333,68,24471,1340,5%
AG1,Agrop/Alim,AG1.13,2013,GO,Cerrado,Cerrado,RB.Parana,33,441594594,119770,30278,2221350,53,115,137,138,2,89,105855,103,0%
AG1,Agrop/Alim,AG1.14,2013,RS,Fl.Int.Par.Paran,Mat.Atlantica,RB.Atl.Sul,44,898890444,243799,61633,4521682,102,210,544,245,25,225,192136,267,0%
AG1,Agrop/Alim,AG1.15,2013,MT,Cerrado,Cerrado,RB.Amazonica,625,450681327,122235,30901,2267059,54,117,1,140,40,71,96628,1207,1%
AG1,Agrop/Alim,AG1.16,2013,RS,Fl.Araucaria,Mat.Atlantica,RB.Atl.Sul,66,1347337776,365428,92380,6777503,146,284,641,327,58,291,240781,369,0%
AG1,Agrop/Alim,AG1.17,2013,GO,Cerrado,Cerrado,RB.Parana,13,441594594,119770,30278,2221350,53,115,137,138,1,89,105720,0,0%
AG1,Agrop/Alim,AG1.18,2013,MT,Fl.Sec.Chiquit,Amazonia,RB.Paraguai,625,445263206,120765,30530,2239804,53,116,47,139,656,202,149806,1428,1%
AG1,Agrop/Alim,AG1.19,2013,MT,Cerrado,Cerrado,RB.Amazonica,625,440358489,119435,30193,2215132,53,115,1,137,40,69,95252,1207,1%
AG1,Agrop/Alim,AG1.20,2013,PR,Fl.Cost.SM,Mat.Atlantica,RB.Atl.Sul,852,11556182,3134,792,58131,1,3,15,4,576,120,41733,1223,3%
AG1,Agrop/Alim,AG1.21,2013,PR,Cerrado,Cerrado,RB.Parana,852,2115989,574,145,10644,0,1,1,1,54,11,9466,1066,11%
AG1,Agrop/Alim,AG1.22,2013,GO,Cerrado,Cerrado,RB.Parana,4442,447559969,121388,30687,2251357,54,117,139,139,230,136,126851,2567,2%
AG1,Agrop/Alim,AG1.23,2013,RS,Fl.Araucaria,Mat.Atlantica,RB.Atl.Sul,22,440358489,119435,30193,2215132,53,115,369,137,20,139,127501,185,0%
AG1,Agrop/Alim,AG1.24,2013,SP,Fl.Cost.SM,Mat.Atlantica,RB.Parana,16,2115989,574,145,10644,0,1,1,1,25,5,6960,0,0%
AG1,Agrop/Alim,AG1.25,2013,PR,Fl.Araucaria,Mat.Atlantica,RB.Parana,852,460668774,124944,31586,2317299,55,120,142,143,444,181,144297,1344,1%
AG1,Agrop/Alim,AG1.26,2013,MG,Cerrado,Cerrado,RB.Parana,7623,460121520,124795,31548,2314546,55,119,142,143,339,160,136924,2940,2%
AG1,Agrop/Alim,AG1.27,2013,MT,Cerrado,Cerrado,RB.Paraguai,625,441594594,119770,30278,2221350,53,115,47,138,40,79,100488,1207,1%
AG1,Agrop/Alim,AG1.28,2013,SC,Fl.Araucaria,Mat.Atlantica,RB.Uruguai,1598,1360944205,369119,93313,6845947,147,286,521,330,600,377,268985,2322,1%
AG1,Agrop/Alim,AG1.29,2013,PE,Fl.Int.PE,Mat.Atlantica,RB.At.NE.Or,156,11556182,3134,792,58131,1,3,88,4,561,132,43376,326,1%
HP1,Hidro,HP1.01,2014,MG,Cerrado,Cerrado,RB.Parana,44924,486023519,846045,554029,94095,4,479,7,745,752,397,204049,339193,166%
HP1,Hidro,HP1.02,2014,MG,Cerrado,Cerrado,RB.Parana,57600,1135960852,1977424,1294908,219925,10,683,15,872,795,475,281358,0,0%
HP1,Hidro,HP1.03,2014,MG,Cerrado,Cerrado,RB.Parana,7335,43837415,76310,49971,8487,0,77,1,208,331,123,62135,0,0%
HP1,Hidro,HP1.04,2014,MG,Cerrado,Cerrado,RB.Parana,172,49555339,86263,56489,9594,0,86,1,229,11,66,49372,2323,5%
HP1,Hidro,HP1.06,2014,MG,Cerrado,Cerrado,RB.Parana,70329,1629608270,2836741,1857628,315497,14,755,22,907,826,505,320499,0,0%
HP1,Hidro,HP1.07,2014,MG,Cerrado,Cerrado,RB.Parana,5186,388818815,676836,443223,75276,3,424,5,700,259,278,164711,36278,22%
HP1,Hidro,HP1.08,2014,MG,Cerrado,Cerrado,RB.Parana,20500,362135171,630387,412806,70110,3,407,5,685,580,336,174616,25882,15%
HP1,Hidro,HP1.09,2014,MG,Cerrado,Cerrado,RB.Parana,5023,200127331,348372,228130,38745,2,275,3,546,253,216,122027,0,0%
HP1,Hidro,HP1.10,2014,MG,Cerrado,Cerrado,RB.Parana,3732,312118628,404232,264710,44958,2,355,3,802,633,359,190114,0,0%
HP1,Hidro,HP1.11,2014,MG,Fl.Int.Par.Paran,Mat.Atlantica,RB.Parana,9022,201528222,350810,229726,39016,2,320,3,754,957,407,193878,0,0%
HP1,Hidro,HP1.12,2014,MG,Fl.Int.Bahia,Mat.Atlantica,RB.Atl.SE,576,97204704,169209,110806,18819,1,155,1,369,251,156,86288,0,0%
HP1,Hidro,HP1.13,2014,MG,Cerrado,Cerrado,RB.Atl.Leste,14295,343075425,597209,391080,66420,3,394,14,673,490,315,167284,227679,136%
HP1,Hidro,HP1.14,2014,MG,Fl.Int.Bahia,Mat.Atlantica,RB.Parana,4265,171537713,298604,195540,33210,2,245,2,507,800,311,136180,0,0%
HP1,Hidro,HP1.15,2014,ES,Fl.Int.Bahia,Mat.Atlantica,RB.Atl.SE,191,52414301,91240,59748,10148,0,90,1,239,152,97,59087,0,0%
HP1,Hidro,HP1.16,2014,MG,Fl.Int.Bahia,Mat.Atlantica,RB.Atl.SE,150,74333009,129395,84734,14391,1,123,2,309,124,112,69435,0,0%
HP1,Hidro,HP1.17,2014,MG,Fl.Int.Bahia,Mat.Atlantica,RB.Atl.SE,3290,314485806,547441,358490,60885,3,373,7,654,756,358,172232,0,0%
HP1,Hidro,HP1.18,2014,MG,Fl.Int.Bahia,Mat.Atlantica,RB.Atl.SE,17,106734577,185798,121669,20664,1,168,2,391,16,116,78254,0,0%
HP1,Hidro,HP1.19,2014,MG,Cerrado,Cerrado,RB.S.Francisco,109000,377382968,656929,430187,73062,3,417,6,694,880,400,190161,0,0%
HP1,Hidro,HP1.20,2014,MG,Cerrado,Cerrado,RB.S.Francisco,3943,100063666,174186,114065,19373,1,159,2,375,210,149,85559,0,0%
HP2,Hidro,HP2.01,2014,RS,Campos.Sulinos,Pampa,RB.Uruguai,15200,62966429,661,52460,159229,40,1,25,217,922,241,91412,5677,6%
HP2,Hidro,HP2.02,2014,SC/RS,Fl.Int.Par.Paran,Mat.Atlantica,RB.Uruguai,14100,403988151,1312,336582,1021600,210,1,140,639,892,377,189067,206607,109%
HP2,Hidro,HP2.03,2014,SC/RS,Fl.Araucaria,Mat.Atlantica,RB.Uruguai,7900,317618270,5038,264623,803189,173,5,113,582,881,351,171221,7434,4%
HP2,Hidro,HP2.04,2014,PR,Fl.Int.Par.Paran,Mat.Atlantica,RB.Parana,5600,300344294,5929,250232,759507,165,6,51,569,766,311,160212,0,0%
HP2,Hidro,HP2.05,2014,PR,Fl.Int.Par.Paran,Mat.Atlantica,RB.Parana,21000,395629775,3173,329619,1000463,207,3,67,635,924,367,185966,0,0%
HP2,Hidro,HP2.06,2014,MT,Cerrado,Cerrado,RB.Paraguai,1900,49063664,91,40877,124072,31,0,3,177,113,65,49043,665640,1357%
HP2,Hidro,HP2.07,2014,GO,Cerrado,Cerrado,RB.Tocantins,13900,125375633,551,104457,317048,76,1,5,355,483,184,99687,1176,1%
HP2,Hidro,HP2.08,2014,TO,Cerrado,Cerrado,RB.Tocantins,10400,67758564,98,56453,171347,43,0,2,229,412,137,73745,4531,6%
HP2,Hidro,HP2.09,2014,TO/MA,Cerrado,Cerrado,RB.Tocantins,59000,302851807,515,252321,765848,166,0,2,229,412,162,79054,7349,9%
FC1,Flor/Ind,FC1.01,2014,SP,Fl.Cost.SM,Mat.Atlantica,RB.Parana,7,168800606,54469,13615,311063,446,56,22,67,11,120,90921,0,0%
FC1,Flor/Ind,FC1.02,2014,SP,Fl.Cost.SM,Mat.Atlantica,RB.Parana,13,168800606,54469,13615,311063,446,56,22,67,20,122,91498,0,0%
FC1,Flor/Ind,FC1.03,2014,SP,Fl.Cost.SM,Mat.Atlantica,RB.Parana,13,39798517,12842,3210,73340,160,14,5,17,20,43,38826,0,0%
FC1,Flor/Ind,FC1.04,2014,RS,Campos.Sulinos,Pampa,RB.Atl.Sul,8,27447253,8857,2214,50579,116,10,13,12,6,31,30454,0,0%
FC1,Flor/Ind,FC1.05,2014,PE,Fl.Cost.PE,Mat.Atlantica,RB.At.NE.Or,9,27447253,8857,2214,50579,136,10,78,12,93,66,41591,0,0%
FC1,Flor/Ind,FC1.06,2014,PB,Fl.Int.PE,Mat.Atlantica,RB.At.NE.Or,8,29643033,9565,2391,54626,124,10,83,12,60,58,40435,0,0%
FC1,Flor/Ind,FC1.07,2014,SP,Fl.Cost.SM,Mat.Atlantica,RB.Atl.SE,4,10704429,3454,863,19726,49,4,2,5,6,13,16031,0,0%
FC1,Flor/Ind,FC1.08,2014,RJ,Fl.Cost.SM,Mat.Atlantica,RB.Atl.SE,6,32936704,10628,2657,60695,136,11,7,14,10,36,33926,0,0%
FF1,Flor,FF1.01,2014,RS,Campos.Sulinos,Pampa,RB.Atl.Sul,26749,229716589,199349,50201,1050345,338,75,217,209,954,359,157270,7514,5%
FF1,Flor,FF1.02,2014,SP,Cerrado,Cerrado,RB.Parana,40510,129620646,112485,28327,592671,224,44,41,130,732,234,111327,48754,44%
FF1,Flor,FF1.03,2014,SP,Cerrado,Cerrado,RB.Parana,40072,171747355,149043,37533,785289,276,57,53,165,730,256,125505,49227,39%
FF1,Flor,FF1.04,2014,SP,Cerrado,Cerrado,RB.Parana,25442,199471771,173103,43592,912055,307,65,61,187,631,250,129816,29139,22%
FF1,Flor,FF1.05,2014,MG,Cerrado,Cerrado,RB.Parana,82687,264282094,229345,57755,1208391,370,85,79,233,848,323,156770,348724,222%
FC2,Flor/Ind,FC2.01,2014,BA,Caatinga,Caatinga,RB.Atl.Leste,13,17682284,33399,2599,206259,1,35,42,14,2,19,21646,0,0%
FC2,Flor/Ind,FC2.02,2014,MG,Fl.Int.Bahia,Mat.Atlantica,RB.S.Francisco,7,31630268,59745,4364,346366,2,61,29,22,7,24,28493,0,0%
FC2,Flor/Ind,FC2.03,2014,PE,Fl.Int.PE,Mat.Atlantica,RB.At.NE.Or,15,14619031,27613,7752,615317,3,29,506,39,112,138,47364,0,0%
FC2,Flor/Ind,FC2.04,2014,RS,Campos.Sulinos,Pampa,RB.Atl.Sul,7,34266123,64724,4429,351526,2,66,85,23,5,36,34525,0,0%
FC2,Flor/Ind,FC2.05,2014,SC,Fl.Araucaria,Mat.Atlantica,RB.Uruguai,85,2660664,5026,12954,1028254,5,5,141,64,74,58,20054,0,0%
FC2,Flor/Ind,FC2.06,2014,SC,Fl.Araucaria,Mat.Atlantica,RB.Uruguai,19,12093926,22844,2345,186100,1,24,29,12,17,17,18458,0,0%
FC2,Flor/Ind,FC2.07,2014,SP,Fl.Cost.SM,Mat.Atlantica,RB.Parana,30,7417396,14010,11404,905204,114,15,61,57,46,59,27136,0,0%
FC2,Flor/Ind,FC2.08,2014,SP,Fl.Int.Par.Paran,Mat.Atlantica,RB.Parana,7,34059701,64334,7771,616800,5,15,61,57,46,37,22309,0,0%
FF2,Flor,FF2.01,2014,PR,Fl.Araucaria,Mat.Atlantica,RB.Parana,275592,1003706931,1895865,436428,34641641,152,673,712,697,996,646,308880,2285830,740%
FF2,Flor,FF2.02,2014,SC,Fl.Cost.SM,Mat.Atlantica,RB.Atl.Sul,25600,93235281,176109,47971,3807706,19,161,501,202,976,372,122941,12663,10%
FF2,Flor,FF2.03,2014,SC,Fl.Araucaria,Mat.Atlantica,RB.Uruguai,133998,488020446,921804,205777,16333673,78,501,722,520,992,563,236430,1080368,457%
FF2,Flor,FF2.04,2014,SP,Fl.Int.Par.Paran,Mat.Atlantica,RB.Parana,8713,31734522,59942,14609,1159594,6,61,77,71,836,210,70772,9685,14%
AG1,Agrop/Alim,AG1.01,2014,GO,Cerrado,Cerrado,RB.Parana,107,373070101,135328,29111,2036958,57,128,127,133,7,90,101485,651,1%
AG1,Agrop/Alim,AG1.02,2014,SC,Fl.Araucaria,Mat.Atlantica,RB.Uruguai,533,7601062,2757,593,41502,1,3,7,3,333,69,29360,1340,5%
AG1,Agrop/Alim,AG1.03,2014,SC,Fl.Araucaria,Mat.Atlantica,RB.Uruguai,533,369969384,134204,28869,2020029,56,127,243,132,333,178,134669,1340,1%
AG1,Agrop/Alim,AG1.04,2014,PR,Cerrado,Cerrado,RB.Parana,1704,749924978,272030,58518,4094582,108,228,226,236,103,180,165991,1508,1%
AG1,Agrop/Alim,AG1.05,2014,SC,Fl.Araucaria,Mat.Atlantica,RB.Uruguai,533,374133327,135714,29194,2042764,57,129,245,133,333,179,135437,1340,1%
AG1,Agrop/Alim,AG1.06,2014,SC,Fl.Araucaria,Mat.Atlantica,RB.Uruguai,1065,758252864,275051,59168,4140052,109,230,397,238,500,295,204747,1896,1%
AG1,Agrop/Alim,AG1.07,2014,PR,Fl.Araucaria,Mat.Atlantica,RB.Parana,852,376740877,136660,29398,2057001,57,129,128,134,444,179,135448,1344,1%
AG1,Agrop/Alim,AG1.08,2014,MS,Cerrado,Cerrado,RB.Parana,76,368906158,133818,28786,2014223,56,127,126,132,5,89,100549,241,0%
AG1,Agrop/Alim,AG1.09,2014,RJ,Fl.Cost.SM,Mat.Atlantica,RB.Atl.SE,12,1903517,690,149,10393,0,1,1,1,19,4,6208,0,0%
AG1,Agrop/Alim,AG1.10,2014,PR,Fl.Araucaria,Mat.Atlantica,RB.Parana,852,373070101,135328,29111,2036958,57,128,127,133,444,178,134818,1344,1%
AG1,Agrop/Alim,AG1.11,2014,RS,Fl.Araucaria,Mat.Atlantica,RB.Atl.Sul,22,373070101,135328,29111,2036958,57,128,350,133,20,138,121046,185,0%
AG1,Agrop/Alim,AG1.12,2014,SC,Fl.Araucaria,Mat.Atlantica,RB.Uruguai,533,3677203,1334,287,20077,1,1,3,2,333,68,23578,1340,6%
AG1,Agrop/Alim,AG1.13,2014,GO,Cerrado,Cerrado,RB.Parana,33,369969384,134204,28869,2020029,56,127,126,132,2,89,100464,103,0%
AG1,Agrop/Alim,AG1.14,2014,RS,Fl.Int.Par.Paran,Mat.Atlantica,RB.Atl.Sul,44,753494608,273325,58797,4114072,108,229,521,237,25,224,182103,267,0%
AG1,Agrop/Alim,AG1.15,2014,MT,Cerrado,Cerrado,RB.Amazonica,625,377810530,137048,29481,2062841,57,130,1,134,40,73,92896,1207,1%
AG1,Agrop/Alim,AG1.16,2014,RS,Fl.Araucaria,Mat.Atlantica,RB.Atl.Sul,66,1129521662,409726,88139,6167175,154,308,619,317,58,291,228757,369,0%
AG1,Agrop/Alim,AG1.17,2014,GO,Cerrado,Cerrado,RB.Parana,13,369969384,134204,28869,2020029,56,127,126,132,1,88,100335,0,0%
AG1,Agrop/Alim,AG1.18,2014,MT,Fl.Sec.Chiquit,Amazonia,RB.Paraguai,625,373070101,135328,29111,2036958,57,128,43,133,656,203,142658,1428,1%
AG1,Agrop/Alim,AG1.19,2014,MT,Cerrado,Cerrado,RB.Amazonica,625,368906158,133818,28786,2014223,56,127,1,132,40,71,91538,1207,1%
AG1,Agrop/Alim,AG1.20,2014,PR,Fl.Cost.SM,Mat.Atlantica,RB.Atl.Sul,852,9738236,3532,760,53171,2,4,14,4,576,120,39687,1223,3%
AG1,Agrop/Alim,AG1.21,2014,PR,Cerrado,Cerrado,RB.Parana,852,1903517,690,149,10393,0,1,1,1,54,11,9190,1066,12%
AG1,Agrop/Alim,AG1.22,2014,GO,Cerrado,Cerrado,RB.Parana,4442,375310020,136141,29286,2049188,57,129,128,134,230,135,120485,2567,2%
AG1,Agrop/Alim,AG1.23,2014,RS,Fl.Araucaria,Mat.Atlantica,RB.Atl.Sul,22,368906158,133818,28786,2014223,56,127,347,132,20,136,120233,185,0%
AG1,Agrop/Alim,AG1.24,2014,SP,Fl.Cost.SM,Mat.Atlantica,RB.Parana,16,1903517,690,149,10393,0,1,1,1,25,5,6764,0,0%
AG1,Agrop/Alim,AG1.25,2014,PR,Fl.Araucaria,Mat.Atlantica,RB.Parana,852,386245457,140108,30139,2108896,58,132,131,137,444,181,137062,1344,1%
AG1,Agrop/Alim,AG1.26,2014,MG,Cerrado,Cerrado,RB.Parana,7623,385645249,139890,30093,2105619,58,132,131,137,339,159,130030,2940,2%
AG1,Agrop/Alim,AG1.27,2014,MT,Cerrado,Cerrado,RB.Paraguai,625,369969384,134204,28869,2020029,56,127,43,132,40,80,96047,1207,1%
AG1,Agrop/Alim,AG1.28,2014,SC,Fl.Araucaria,Mat.Atlantica,RB.Uruguai,1598,1140533991,413720,88998,6227302,155,310,498,319,600,376,255435,2322,1%
AG1,Agrop/Alim,AG1.29,2014,PE,Fl.Int.PE,Mat.Atlantica,RB.At.NE.Or,156,9738236,3532,760,53171,2,4,81,4,561,130,41102,326,1%
HP1,Hidro,HP1.01,2015,MG,Cerrado,Cerrado,RB.Parana,44924,360229924,700420,151265,46108,4,432,3,444,752,327,172344,339193,197%
HP1,Hidro,HP1.02,2015,MG,Cerrado,Cerrado,RB.Parana,57600,841949156,1637059,353546,107767,8,640,8,651,795,420,245033,0,0%
HP1,Hidro,HP1.03,2015,MG,Cerrado,Cerrado,RB.Parana,7335,32491326,63175,13644,4159,0,64,0,67,331,93,50486,0,0%
HP1,Hidro,HP1.04,2015,MG,Cerrado,Cerrado,RB.Parana,172,36729326,71415,15423,4701,0,72,0,75,11,32,33439,2323,7%
HP1,Hidro,HP1.06,2015,MG,Cerrado,Cerrado,RB.Parana,70329,1207829745,2348466,507184,154599,12,719,11,728,826,459,282278,0,0%
HP1,Hidro,HP1.07,2015,MG,Cerrado,Cerrado,RB.Parana,5186,288183939,560336,121012,36887,3,379,3,389,259,206,133194,36278,27%
HP1,Hidro,HP1.08,2015,MG,Cerrado,Cerrado,RB.Parana,20500,268406610,521881,112708,34355,3,362,2,373,580,264,144654,25882,18%
HP1,Hidro,HP1.09,2015,MG,Cerrado,Cerrado,RB.Parana,5023,148329969,288408,62286,18986,1,239,1,247,253,148,95601,0,0%
HP1,Hidro,HP1.10,2015,MG,Cerrado,Cerrado,RB.Parana,3732,172114240,334654,72273,22030,2,304,2,316,633,251,148834,0,0%
HP1,Hidro,HP1.11,2015,MG,Fl.Int.Par.Paran,Mat.Atlantica,RB.Parana,9022,149368278,290426,67722,19118,1,273,1,284,957,303,156098,0,0%
HP1,Hidro,HP1.12,2015,MG,Fl.Int.Bahia,Mat.Atlantica,RB.Atl.SE,576,72045985,140084,30253,9222,1,132,1,137,251,105,66938,0,0%
HP1,Hidro,HP1.13,2015,MG,Cerrado,Cerrado,RB.Atl.Leste,14295,254279946,494414,106776,32547,2,350,7,360,490,242,137287,227679,166%
HP1,Hidro,HP1.14,2015,MG,Fl.Int.Bahia,Mat.Atlantica,RB.Parana,4265,127139973,247207,53388,16274,1,212,1,220,800,247,113247,0,0%
HP1,Hidro,HP1.15,2015,ES,Fl.Int.Bahia,Mat.Atlantica,RB.Atl.SE,191,38848325,75535,16313,4972,0,76,1,79,152,62,44837,0,0%
HP1,Hidro,HP1.16,2015,MG,Fl.Int.Bahia,Mat.Atlantica,RB.Atl.SE,150,55093988,107123,23135,7052,1,104,1,109,124,68,51571,0,0%
HP1,Hidro,HP1.17,2015,MG,Fl.Int.Bahia,Mat.Atlantica,RB.Atl.SE,3290,233089951,453213,97878,29835,2,330,3,340,756,286,143689,0,0%
HP1,Hidro,HP1.18,2015,MG,Fl.Int.Bahia,Mat.Atlantica,RB.Atl.SE,17,79109317,153818,33219,10126,1,143,1,149,16,62,55230,0,0%
HP1,Hidro,HP1.19,2015,MG,Cerrado,Cerrado,RB.S.Francisco,109000,279707941,543855,117453,35802,3,372,3,382,880,328,160381,0,0%
HP1,Hidro,HP1.20,2015,MG,Cerrado,Cerrado,RB.S.Francisco,3943,74164984,144204,31143,9493,1,136,1,141,210,98,65588,0,0%
HP2,Hidro,HP2.01,2015,RS,Campos.Sulinos,Pampa,RB.Uruguai,15200,43006971,1898,51607,197962,41,2,31,214,922,242,82001,5677,7%
HP2,Hidro,HP2.02,2015,SC/RS,Fl.Int.Par.Paran,Mat.Atlantica,RB.Uruguai,14100,275929680,111,331109,1270111,215,0,168,636,892,382,170331,206607,121%
HP2,Hidro,HP2.03,2015,SC/RS,Fl.Araucaria,Mat.Atlantica,RB.Uruguai,7900,216937817,4928,260321,998570,177,5,137,578,881,356,154170,7434,5%
HP2,Hidro,HP2.04,2015,PR,Fl.Int.Par.Paran,Mat.Atlantica,RB.Parana,5600,205139445,5422,246163,944262,169,6,63,565,766,314,143874,0,0%
HP2,Hidro,HP2.05,2015,PR,Fl.Int.Par.Paran,Mat.Atlantica,RB.Parana,21000,270220790,2984,324259,1243833,211,3,82,631,924,370,167096,0,0%
HP2,Hidro,HP2.06,2015,MT,Cerrado,Cerrado,RB.Paraguai,1900,33511184,105,40213,154253,32,0,3,175,113,65,43864,665640,1518%
HP2,Hidro,HP2.07,2015,GO,Cerrado,Cerrado,RB.Tocantins,13900,85633349,95,102758,394173,78,0,6,351,483,184,89208,1176,1%
HP2,Hidro,HP2.08,2015,TO,Cerrado,Cerrado,RB.Tocantins,10400,46280068,127,55535,213028,44,0,3,226,412,137,65983,4531,7%
HP2,Hidro,HP2.09,2015,TO/MA,Cerrado,Cerrado,RB.Tocantins,59000,206852111,493,248218,952146,170,1,14,567,799,310,143507,7349,5%
FC1,Flor/Ind,FC1.01,2015,SP,Fl.Cost.SM,Mat.Atlantica,RB.Parana,7,116765174,52140,12716,290448,189,54,20,63,11,67,63990,0,0%
FC1,Flor/Ind,FC1.02,2015,SP,Fl.Cost.SM,Mat.Atlantica,RB.Parana,13,116765174,52140,12716,290448,189,54,20,63,20,69,64714,0,0%
FC1,Flor/Ind,FC1.03,2015,SP,Fl.Cost.SM,Mat.Atlantica,RB.Parana,13,27530000,12293,2998,68480,52,13,5,16,20,21,25857,0,0%
FC1,Flor/Ind,FC1.04,2015,RS,Campos.Sulinos,Pampa,RB.Atl.Sul,8,18986207,8478,2068,47227,36,9,3,11,1,12,18353,0,0%
FC1,Flor/Ind,FC1.05,2015,PE,Fl.Cost.PE,Mat.Atlantica,RB.At.NE.Or,9,18986207,8478,2068,47227,36,9,73,11,93,44,31750,0,0%
FC1,Flor/Ind,FC1.06,2015,PB,Fl.Int.PE,Mat.Atlantica,RB.At.NE.Or,8,20505104,9156,2233,51006,39,10,78,12,60,40,31023,0,0%
FC1,Flor/Ind,FC1.07,2015,SP,Fl.Cost.SM,Mat.Atlantica,RB.Atl.SE,4,7404621,3306,806,18419,15,4,2,4,6,6,10443,0,0%
FC1,Flor/Ind,FC1.08,2015,RJ,Fl.Cost.SM,Mat.Atlantica,RB.Atl.SE,6,22783449,10174,2481,56673,43,11,6,13,10,17,22194,0,0%
FF1,Flor,FF1.01,2015,RS,Campos.Sulinos,Pampa,RB.Atl.Sul,23509,153644065,215451,49836,980736,242,69,206,208,948,335,135939,7523,6%
FF1,Flor,FF1.02,2015,SP,Cerrado,Cerrado,RB.Parana,29673,86695711,121571,28120,553393,152,40,38,129,666,205,93786,48745,52%
FF1,Flor,FF1.03,2015,SP,Cerrado,Cerrado,RB.Parana,29235,114871817,161082,37260,733246,192,53,50,164,663,224,105652,49218,47%
FF1,Flor,FF1.04,2015,SP,Cerrado,Cerrado,RB.Parana,14605,133415066,187085,43274,851611,217,61,57,186,496,203,105841,29130,28%
FF1,Flor,FF1.05,2015,MG,Cerrado,Cerrado,RB.Parana,52464,176762921,247870,57334,1128307,268,79,75,232,779,287,132674,348784,263%
FC2,Flor/Ind,FC2.01,2015,BA,Caatinga,Caatinga,RB.Atl.Leste,13,2509678,5944,1550,106777,0,6,22,8,2,8,8527,0,0%
FC2,Flor/Ind,FC2.02,2015,MG,Fl.Int.Bahia,Mat.Atlantica,RB.S.Francisco,7,2873102,6805,1775,122240,1,7,10,9,7,7,8364,0,0%
FC2,Flor/Ind,FC2.03,2015,PE,Fl.Int.PE,Mat.Atlantica,RB.At.NE.Or,15,26518011,62806,16380,1128240,5,64,653,79,112,183,63329,0,0%
FC2,Flor/Ind,FC2.04,2015,RS,Campos.Sulinos,Pampa,RB.Atl.Sul,7,2094536,4961,1294,89115,0,5,23,7,5,8,8208,0,0%
FC2,Flor/Ind,FC2.05,2015,SC,Fl.Araucaria,Mat.Atlantica,RB.Uruguai,85,26347464,62402,16275,1120984,5,64,151,79,74,75,43379,0,0%
FC2,Flor/Ind,FC2.06,2015,SC,Fl.Araucaria,Mat.Atlantica,RB.Uruguai,19,4265568,10103,2635,181484,1,11,28,14,17,14,12725,0,0%
FC2,Flor/Ind,FC2.07,2015,SP,Fl.Cost.SM,Mat.Atlantica,RB.Parana,30,6380489,15112,3941,271466,1,16,19,20,46,21,16763,0,0%
FC2,Flor/Ind,FC2.08,2015,SP,Fl.Int.Par.Paran,Mat.Atlantica,RB.Parana,7,16994464,40250,10497,723050,3,42,49,52,4,30,26104,0,0%
FF2,Flor,FF2.01,2015,PR,Fl.Araucaria,Mat.Atlantica,RB.Parana,274819,791211583,1873920,488727,33663039,128,671,706,720,996,644,287938,2282407,793%
FF2,Flor,FF2.02,2015,SC,Fl.Cost.SM,Mat.Atlantica,RB.Atl.Sul,25600,73703073,174560,45526,3135785,14,160,453,193,976,359,113169,12663,11%
FF2,Flor,FF2.03,2015,SC,Fl.Araucaria,Mat.Atlantica,RB.Uruguai,133682,384874252,911543,237735,16374933,67,498,723,556,992,567,221425,1444751,652%
FF2,Flor,FF2.04,2015,SP,Fl.Int.Par.Paran,Mat.Atlantica,RB.Parana,8713,22723883,53820,14036,966815,4,55,65,69,836,206,63665,103976,163%
AG1,Agrop/Alim,AG1.01,2015,GO,Cerrado,Cerrado,RB.Parana,107,283497368,129776,27953,2004667,57,124,125,128,7,88,92828,651,1%
AG1,Agrop/Alim,AG1.02,2015,SC,Fl.Araucaria,Mat.Atlantica,RB.Uruguai,533,5570374,2550,549,39389,1,3,6,3,333,69,26804,1340,5%
AG1,Agrop/Alim,AG1.03,2015,SC,Fl.Araucaria,Mat.Atlantica,RB.Uruguai,533,281185071,128718,27725,1988316,57,123,240,127,333,176,123688,1340,1%
AG1,Agrop/Alim,AG1.04,2015,PR,Cerrado,Cerrado,RB.Parana,1704,567644426,259850,55970,4013929,108,220,223,228,103,176,151784,1508,1%
AG1,Agrop/Alim,AG1.05,2015,SC,Fl.Araucaria,Mat.Atlantica,RB.Uruguai,533,284261354,130126,28028,2010070,57,124,242,129,333,177,124373,1340,1%
AG1,Agrop/Alim,AG1.06,2015,SC,Fl.Araucaria,Mat.Atlantica,RB.Uruguai,1065,573796992,262667,56577,4057435,109,222,392,230,500,291,187765,1896,1%
AG1,Agrop/Alim,AG1.07,2015,PR,Fl.Araucaria,Mat.Atlantica,RB.Parana,852,280421084,128368,27650,1982914,58,122,124,127,444,175,123309,1344,1%
AG1,Agrop/Alim,AG1.08,2015,MS,Cerrado,Cerrado,RB.Parana,76,280421084,128368,27650,1982914,56,122,124,127,5,87,91953,241,0%
AG1,Agrop/Alim,AG1.09,2015,RJ,Fl.Cost.SM,Mat.Atlantica,RB.Atl.SE,12,1425569,653,141,10080,0,1,1,1,19,4,5697,0,0%
AG1,Agrop/Alim,AG1.10,2015,PR,Fl.Araucaria,Mat.Atlantica,RB.Parana,852,283497368,129776,27953,2004667,57,124,125,128,444,176,123880,1344,1%
AG1,Agrop/Alim,AG1.11,2015,RS,Fl.Araucaria,Mat.Atlantica,RB.Atl.Sul,22,283497368,129776,27953,2004667,57,124,346,128,20,135,110933,185,0%
AG1,Agrop/Alim,AG1.12,2015,SC,Fl.Araucaria,Mat.Atlantica,RB.Uruguai,533,2637142,1207,260,18648,1,1,3,1,333,68,21398,1340,6%
AG1,Agrop/Alim,AG1.13,2015,GO,Cerrado,Cerrado,RB.Parana,33,281185071,128718,27725,1988316,57,123,124,127,2,87,91861,103,0%
AG1,Agrop/Alim,AG1.14,2015,RS,Fl.Int.Par.Paran,Mat.Atlantica,RB.Atl.Sul,44,572269020,261967,56426,4046630,2,222,516,229,25,199,159956,267,0%
AG1,Agrop/Alim,AG1.15,2015,MT,Cerrado,Cerrado,RB.Amazonica,625,286898496,131333,28288,2028717,58,125,1,130,40,71,84869,1207,1%
AG1,Agrop/Alim,AG1.16,2015,RS,Fl.Araucaria,Mat.Atlantica,RB.Atl.Sul,66,857974376,392754,84597,6066910,155,299,616,308,58,287,209973,369,0%
AG1,Agrop/Alim,AG1.17,2015,GO,Cerrado,Cerrado,RB.Parana,13,281185071,128718,27725,1988316,57,123,124,127,1,86,91740,0,0%
AG1,Agrop/Alim,AG1.18,2015,MT,Fl.Sec.Chiquit,Amazonia,RB.Paraguai,625,283497368,129776,27953,2004667,57,124,43,128,656,202,131227,1428,1%
AG1,Agrop/Alim,AG1.19,2015,MT,Cerrado,Cerrado,RB.Amazonica,625,280421084,128368,27650,1982914,56,122,1,127,40,70,83674,1207,1%
AG1,Agrop/Alim,AG1.20,2015,PR,Fl.Cost.SM,Mat.Atlantica,RB.Atl.Sul,852,1425569,653,141,10080,2,1,3,1,576,116,22450,1223,5%
AG1,Agrop/Alim,AG1.21,2015,PR,Cerrado,Cerrado,RB.Parana,852,1425569,653,141,10080,0,1,1,1,54,11,8444,1066,13%
AG1,Agrop/Alim,AG1.22,2015,GO,Cerrado,Cerrado,RB.Parana,4442,285104731,130512,28112,2016033,57,124,126,129,230,133,110514,2567,2%
AG1,Agrop/Alim,AG1.23,2015,RS,Fl.Araucaria,Mat.Atlantica,RB.Atl.Sul,22,280421084,128368,27650,1982914,56,122,344,127,20,134,110206,185,0%
AG1,Agrop/Alim,AG1.24,2015,SP,Fl.Cost.SM,Mat.Atlantica,RB.Parana,16,1425569,653,141,10080,0,1,1,1,25,5,6211,0,0%
AG1,Agrop/Alim,AG1.25,2015,PR,Fl.Araucaria,Mat.Atlantica,RB.Parana,852,287417028,131571,28340,2032384,59,125,127,130,444,177,124755,1344,1%
AG1,Agrop/Alim,AG1.26,2015,MG,Cerrado,Cerrado,RB.Parana,7623,286898496,131333,28288,2028717,59,125,127,130,339,156,118217,2940,2%
AG1,Agrop/Alim,AG1.27,2015,MT,Cerrado,Cerrado,RB.Paraguai,625,281185071,128718,27725,1988316,57,123,42,127,40,78,87825,1207,1%
AG1,Agrop/Alim,AG1.28,2015,SC,Fl.Araucaria,Mat.Atlantica,RB.Uruguai,1598,848745526,388530,83687,6001651,156,297,488,306,600,369,232640,2322,1%
AG1,Agrop/Alim,AG1.29,2015,PE,Fl.Int.PE,Mat.Atlantica,RB.At.NE.Or,156,1425569,653,141,10080,57,1,17,1,561,127,23297,326,1%
HP1,Hidro,HP1.01,2016,MG,Cerrado,Cerrado,RB.Parana,44924,380549662,438157,21144,25442,17,323,2,100,752,239,153440,339193,221%
HP1,Hidro,HP1.02,2016,MG,Cerrado,Cerrado,RB.Parana,57600,889441564,1024085,49420,59465,39,527,4,207,795,314,220336,0,0%
HP1,Hidro,HP1.03,2016,MG,Cerrado,Cerrado,RB.Parana,7335,34324087,39520,1907,2295,2,41,0,10,331,77,47410,0,0%
HP1,Hidro,HP1.04,2016,MG,Cerrado,Cerrado,RB.Parana,172,38801142,44675,2156,2594,2,46,0,11,11,14,24185,2323,10%
HP1,Hidro,HP1.07,2016,MG,Cerrado,Cerrado,RB.Parana,5186,304439730,350526,16916,20354,14,276,1,82,259,126,110105,36278,33%
HP1,Hidro,HP1.08,2016,MG,Cerrado,Cerrado,RB.Parana,20500,283546807,326470,15755,18957,13,262,1,77,580,187,127033,25882,20%
HP1,Hidro,HP1.09,2016,MG,Cerrado,Cerrado,RB.Parana,5023,156696920,180418,8707,10476,7,164,1,44,253,94,80096,0,0%
HP1,Hidro,HP1.10,2016,MG,Cerrado,Cerrado,RB.Parana,3732,181822808,209347,10102,12156,8,203,1,52,633,179,128526,0,0%
HP1,Hidro,HP1.11,2016,MG,Fl.Int.Par.Paran,Mat.Atlantica,RB.Parana,9022,157793798,181680,8768,10550,7,180,1,45,957,238,141973,0,0%
HP1,Hidro,HP1.12,2016,MG,Fl.Int.Bahia,Mat.Atlantica,RB.Atl.SE,576,76109932,87631,4229,5088,3,87,0,22,251,73,58433,0,0%
HP1,Hidro,HP1.13,2016,MG,Cerrado,Cerrado,RB.Atl.Leste,14295,268623291,309288,14925,17959,12,252,4,73,490,166,119136,227679,191%
HP1,Hidro,HP1.14,2016,MG,Fl.Int.Bahia,Mat.Atlantica,RB.Parana,4265,134311646,154644,7463,8980,6,144,1,38,800,198,104837,0,0%
HP1,Hidro,HP1.15,2016,ES,Fl.Int.Bahia,Mat.Atlantica,RB.Atl.SE,191,41039669,47252,2280,2744,2,49,0,12,152,43,39172,0,0%
HP1,Hidro,HP1.16,2016,MG,Fl.Int.Bahia,Mat.Atlantica,RB.Atl.SE,150,58201713,67012,3234,3891,3,68,0,17,124,42,43024,0,0%
HP1,Hidro,HP1.17,2016,MG,Fl.Int.Bahia,Mat.Atlantica,RB.Atl.SE,3290,246238017,283514,13682,16463,11,236,2,67,756,214,129262,0,0%
HP1,Hidro,HP1.18,2016,MG,Fl.Int.Bahia,Mat.Atlantica,RB.Atl.SE,17,83571691,96223,4643,5587,4,95,1,24,16,28,40038,0,0%
HP1,Hidro,HP1.19,2016,MG,Cerrado,Cerrado,RB.S.Francisco,109000,295485620,340216,16418,19755,13,270,2,80,880,249,145135,0,0%
HP1,Hidro,HP1.20,2016,MG,Cerrado,Cerrado,RB.S.Francisco,3943,78348460,90209,4353,5238,4,89,0,22,210,65,56226,0,0%
HP2,Hidro,HP2.01,2016,RS,Campos.Sulinos,Pampa,RB.Uruguai,15200,51241510,1242,38442,189972,62,1,29,168,922,237,85498,5677,7%
HP2,Hidro,HP2.02,2016,SC/RS,Fl.Int.Par.Paran,Mat.Atlantica,RB.Uruguai,14100,328761897,1737,246639,1218849,299,2,162,565,892,384,179599,206607,115%
HP2,Hidro,HP2.03,2016,SC/RS,Fl.Araucaria,Mat.Atlantica,RB.Uruguai,7900,258474871,3782,193909,958267,251,4,132,505,881,355,162024,7434,5%
HP2,Hidro,HP2.04,2016,PR,Fl.Int.Par.Paran,Mat.Atlantica,RB.Parana,5600,244417466,2677,183363,906151,241,3,61,491,766,312,151099,0,0%
HP2,Hidro,HP2.05,2016,PR,Fl.Int.Par.Paran,Mat.Atlantica,RB.Parana,21000,321959927,550,241536,1193631,295,1,79,560,924,372,176084,0,0%
HP2,Hidro,HP2.06,2016,MT,Cerrado,Cerrado,RB.Paraguai,1900,39927566,77,29954,148027,49,0,3,136,113,61,44834,665640,1485%
HP2,Hidro,HP2.07,2016,GO,Cerrado,Cerrado,RB.Tocantins,13900,102029554,77,76543,378263,117,0,5,287,483,179,92760,1176,1%
HP2,Hidro,HP2.08,2016,TO,Cerrado,Cerrado,RB.Tocantins,10400,55141306,199,41367,204430,67,0,3,179,412,132,68368,4531,7%
HP2,Hidro,HP2.09,2016,TO/MA,Cerrado,Cerrado,RB.Tocantins,59000,246458057,469,184894,913716,243,1,13,493,799,310,150923,7349,5%
FC1,Flor/Ind,FC1.01,2016,SP,Fl.Cost.SM,Mat.Atlantica,RB.Parana,7,134760783,126718,12943,295831,86,121,21,64,11,60,63791,0,0%
FC1,Flor/Ind,FC1.02,2016,SP,Fl.Cost.SM,Mat.Atlantica,RB.Parana,13,134760783,126718,12943,295831,86,121,21,64,20,62,64594,0,0%
FC1,Flor/Ind,FC1.03,2016,SP,Fl.Cost.SM,Mat.Atlantica,RB.Parana,13,31772868,29877,3052,69749,22,31,5,16,20,19,25658,0,0%
FC1,Flor/Ind,FC1.04,2016,RS,Campos.Sulinos,Pampa,RB.Atl.Sul,8,21912323,20605,2105,48103,15,22,13,11,6,13,19918,0,0%
FC1,Flor/Ind,FC1.05,2016,PE,Fl.Cost.PE,Mat.Atlantica,RB.At.NE.Or,9,21912323,20605,2105,48103,15,22,74,11,93,43,32645,0,0%
FC1,Flor/Ind,FC1.06,2016,PB,Fl.Int.PE,Mat.Atlantica,RB.At.NE.Or,8,23665308,22253,2273,51951,16,24,80,12,82,43,33285,0,0%
FC1,Flor/Ind,FC1.07,2016,SP,Fl.Cost.SM,Mat.Atlantica,RB.Atl.SE,4,8545806,8036,821,18760,6,9,2,4,6,5,10349,0,0%
FC1,Flor/Ind,FC1.08,2016,RJ,Fl.Cost.SM,Mat.Atlantica,RB.Atl.SE,6,26294787,24726,2525,57723,18,26,6,13,10,15,21951,0,0%
FF1,Flor,FF1.01,2016,RS,Campos.Sulinos,Pampa,RB.Atl.Sul,25216,183858528,1140784,48871,998910,109,554,209,205,952,406,155266,7083,5%
FF1,Flor,FF1.02,2016,SP,Cerrado,Cerrado,RB.Parana,29646,103744624,643703,27576,563649,65,412,39,127,666,262,109408,48753,45%
FF1,Flor,FF1.03,2016,SP,Cerrado,Cerrado,RB.Parana,29207,137461627,852906,36539,746834,84,481,51,161,663,288,123599,49226,40%
FF1,Flor,FF1.04,2016,SP,Cerrado,Cerrado,RB.Parana,14578,159651449,990587,42437,867392,96,519,58,183,495,270,125672,29138,23%
FF1,Flor,FF1.05,2016,MG,Cerrado,Cerrado,RB.Parana,54949,211523761,1312438,56225,1149217,124,588,76,229,787,361,153926,348851,227%
FC2,Flor/Ind,FC2.01,2016,BA,Caatinga,Caatinga,RB.Atl.Leste,13,2229182,5591,1532,94946,3,6,20,8,2,8,8220,0,0%
FC2,Flor/Ind,FC2.02,2016,MG,Fl.Int.Bahia,Mat.Atlantica,RB.S.Francisco,7,2790942,7000,1918,118873,3,8,10,10,7,8,8619,0,0%
FC2,Flor/Ind,FC2.03,2016,PE,Fl.Int.PE,Mat.Atlantica,RB.At.NE.Or,15,23527122,59009,16168,1002078,3,60,625,79,112,176,60211,0,0%
FC2,Flor/Ind,FC2.04,2016,RS,Campos.Sulinos,Pampa,RB.Atl.Sul,7,1891371,4744,1300,80558,3,5,21,7,5,8,8001,0,0%
FC2,Flor/Ind,FC2.05,2016,SC,Fl.Araucaria,Mat.Atlantica,RB.Uruguai,85,25036744,62795,17205,1066377,3,64,145,83,74,74,42572,0,0%
FC2,Flor/Ind,FC2.06,2016,SC,Fl.Araucaria,Mat.Atlantica,RB.Uruguai,19,2928264,7344,2012,124722,3,8,19,10,17,12,10522,0,0%
FC2,Flor/Ind,FC2.07,2016,SP,Fl.Cost.SM,Mat.Atlantica,RB.Parana,30,5584004,14005,3837,237837,3,15,17,20,46,20,15992,0,0%
FC2,Flor/Ind,FC2.08,2016,SP,Fl.Int.Par.Paran,Mat.Atlantica,RB.Parana,7,17276352,43331,11872,735842,3,45,50,59,4,32,26972,0,0%
FF2,Flor,FF2.01,2016,PR,Fl.Araucaria,Mat.Atlantica,RB.Parana,270074,1161474588,2913121,798149,49470070,3,760,779,808,996,669,327031,2282069,698%
FF2,Flor,FF2.02,2016,SC,Fl.Cost.SM,Mat.Atlantica,RB.Atl.Sul,25600,112944835,283280,77614,4810599,3,235,559,290,976,413,135815,12663,9%
FF2,Flor,FF2.03,2016,SC,Fl.Araucaria,Mat.Atlantica,RB.Uruguai,134352,577790366,1449169,397050,24609518,3,612,796,677,992,616,257936,1444947,560%
FF2,Flor,FF2.04,2016,SP,Fl.Int.Par.Paran,Mat.Atlantica,RB.Parana,8788,37793053,94790,25971,1609699,3,93,103,120,837,231,77520,104009,134%
AG1,Agrop/Alim,AG1.01,2016,GO,Cerrado,Cerrado,RB.Parana,107,355857736,96890,25759,2099696,80,95,130,120,7,87,98276,651,1%
AG1,Agrop/Alim,AG1.02,2016,SC,Fl.Araucaria,Mat.Atlantica,RB.Uruguai,533,7085283,1929,513,41806,2,2,7,3,333,69,28743,1340,5%
AG1,Agrop/Alim,AG1.03,2016,SC,Fl.Araucaria,Mat.Atlantica,RB.Uruguai,533,352945307,96097,25548,2082511,80,95,249,119,333,175,131771,1340,1%
AG1,Agrop/Alim,AG1.04,2016,PR,Cerrado,Cerrado,RB.Parana,1704,712709736,194051,51590,4205258,149,174,231,214,103,174,161238,1508,1%
AG1,Agrop/Alim,AG1.05,2016,SC,Fl.Araucaria,Mat.Atlantica,RB.Uruguai,533,356852430,97161,25831,2105565,80,96,251,120,333,176,132508,1340,1%
AG1,Agrop/Alim,AG1.06,2016,SC,Fl.Araucaria,Mat.Atlantica,RB.Uruguai,1065,720523982,196178,52156,4251365,150,176,403,216,500,289,200081,1896,1%
AG1,Agrop/Alim,AG1.07,2016,PR,Fl.Araucaria,Mat.Atlantica,RB.Parana,852,351950614,95826,25476,2076642,79,94,129,118,444,173,131070,1344,1%
AG1,Agrop/Alim,AG1.08,2016,MS,Cerrado,Cerrado,RB.Parana,76,351950614,95826,25476,2076642,79,94,129,118,5,85,97366,241,0%
AG1,Agrop/Alim,AG1.09,2016,RJ,Fl.Cost.SM,Mat.Atlantica,RB.Atl.SE,12,1714540,467,124,10116,0,1,1,1,19,4,5993,0,0%
AG1,Agrop/Alim,AG1.10,2016,PR,Fl.Araucaria,Mat.Atlantica,RB.Parana,852,355857736,96890,25759,2099696,80,95,130,120,444,174,131756,1344,1%
AG1,Agrop/Alim,AG1.11,2016,RS,Fl.Araucaria,Mat.Atlantica,RB.Atl.Sul,22,355857736,96890,25759,2099696,80,95,357,120,20,134,118231,185,0%
AG1,Agrop/Alim,AG1.12,2016,SC,Fl.Araucaria,Mat.Atlantica,RB.Uruguai,533,3409561,928,247,20118,1,1,3,1,333,68,23056,1340,6%
AG1,Agrop/Alim,AG1.13,2016,GO,Cerrado,Cerrado,RB.Parana,33,352945307,96097,25548,2082511,80,95,130,119,2,85,97270,103,0%
AG1,Agrop/Alim,AG1.14,2016,RS,Fl.Int.Par.Paran,Mat.Atlantica,RB.Atl.Sul,44,718534595,195637,52012,4239627,150,175,528,215,25,219,177852,267,0%
AG1,Agrop/Alim,AG1.15,2016,MT,Cerrado,Cerrado,RB.Amazonica,625,360261991,98089,26078,2125683,81,96,1,121,40,68,89134,1207,1%
AG1,Agrop/Alim,AG1.16,2016,RS,Fl.Araucaria,Mat.Atlantica,RB.Atl.Sul,66,1077107689,293266,77968,6355345,209,242,627,291,58,285,223656,369,0%
AG1,Agrop/Alim,AG1.17,2016,GO,Cerrado,Cerrado,RB.Parana,13,352945307,96097,25548,2082511,80,95,130,119,1,85,97139,0,0%
AG1,Agrop/Alim,AG1.18,2016,MT,Fl.Sec.Chiquit,Amazonia,RB.Paraguai,625,355857736,96890,25759,2099696,80,95,44,120,656,199,139457,1428,1%
AG1,Agrop/Alim,AG1.19,2016,MT,Cerrado,Cerrado,RB.Amazonica,625,351950614,95826,25476,2076642,79,94,1,118,40,67,87848,1207,1%
AG1,Agrop/Alim,AG1.20,2016,PR,Fl.Cost.SM,Mat.Atlantica,RB.Atl.Sul,852,1714540,467,124,10116,0,1,3,1,576,116,23660,1223,5%
AG1,Agrop/Alim,AG1.21,2016,PR,Cerrado,Cerrado,RB.Parana,852,1714540,467,124,10116,0,1,1,1,54,11,8898,1066,12%
AG1,Agrop/Alim,AG1.22,2016,GO,Cerrado,Cerrado,RB.Parana,4442,357838007,97429,25903,2111380,81,96,131,120,230,132,117373,2567,2%
AG1,Agrop/Alim,AG1.23,2016,RS,Fl.Araucaria,Mat.Atlantica,RB.Atl.Sul,22,351950614,95826,25476,2076642,79,94,354,118,20,133,117451,185,0%
AG1,Agrop/Alim,AG1.24,2016,SP,Fl.Cost.SM,Mat.Atlantica,RB.Parana,16,1714540,467,124,10116,0,1,1,1,25,5,6536,0,0%
AG1,Agrop/Alim,AG1.25,2016,PR,Fl.Araucaria,Mat.Atlantica,RB.Parana,852,360750436,98222,26113,2128565,81,96,132,121,444,175,132610,1344,1%
AG1,Agrop/Alim,AG1.26,2016,MG,Cerrado,Cerrado,RB.Parana,7623,360261991,98089,26078,2125683,81,96,132,121,339,154,125597,2940,2%
AG1,Agrop/Alim,AG1.27,2016,MT,Cerrado,Cerrado,RB.Paraguai,625,352945307,96097,25548,2082511,80,95,1,119,40,67,88003,1207,1%
AG1,Agrop/Alim,AG1.28,2016,SC,Fl.Araucaria,Mat.Atlantica,RB.Uruguai,1598,1065386321,290075,77119,6286184,207,240,500,289,600,367,247825,2322,1%
AG1,Agrop/Alim,AG1.29,2016,PE,Fl.Int.PE,Mat.Atlantica,RB.At.NE.Or,156,1714540,467,124,10116,0,1,17,1,561,116,23636,326,1%
HP1,Hidro,HP1.01,2017,MG,Cerrado,Cerrado,RB.Parana,44924,433619191,509979,50338,24027,12,357,2,210,752,266,166872,339193,203%
HP1,Hidro,HP1.02,2017,MG,Cerrado,Cerrado,RB.Parana,57600,1013478579,1191952,117652,56158,27,564,4,383,795,355,240770,0,0%
HP1,Hidro,HP1.03,2017,MG,Cerrado,Cerrado,RB.Parana,7335,39110751,45998,4540,2167,1,48,0,23,331,81,50269,0,0%
HP1,Hidro,HP1.04,2017,MG,Cerrado,Cerrado,RB.Parana,172,44212153,51998,5132,2450,1,54,0,26,11,19,28104,2323,8%
HP1,Hidro,HP1.08,2017,MG,Cerrado,Cerrado,RB.Parana,20500,323088809,379985,37506,17903,9,292,1,165,580,210,138533,25882,19%
HP1,Hidro,HP1.09,2017,MG,Cerrado,Cerrado,RB.Parana,5023,178549078,209992,20727,9894,5,186,1,98,253,109,88496,0,0%
HP1,Hidro,HP1.10,2017,MG,Cerrado,Cerrado,RB.Parana,3732,207178895,243663,24050,11480,6,232,1,119,633,198,140320,0,0%
HP1,Hidro,HP1.11,2017,MG,Fl.Int.Par.Paran,Mat.Atlantica,RB.Parana,9022,179798922,211462,20872,9962,5,206,1,104,957,255,152162,0,0%
HP1,Hidro,HP1.12,2017,MG,Fl.Int.Bahia,Mat.Atlantica,RB.Atl.SE,576,86723838,101996,10068,4805,2,100,0,50,251,81,63429,0,0%
HP1,Hidro,HP1.13,2017,MG,Cerrado,Cerrado,RB.Atl.Leste,14295,306084135,359985,35532,16960,8,281,4,158,490,188,130404,227679,175%
HP1,Hidro,HP1.14,2017,MG,Fl.Int.Bahia,Mat.Atlantica,RB.Parana,4265,153042067,179993,17766,8480,4,164,1,86,800,211,111862,0,0%
HP1,Hidro,HP1.15,2017,ES,Fl.Int.Bahia,Mat.Atlantica,RB.Atl.SE,191,46762854,54998,5429,2591,1,56,0,28,152,48,42450,0,0%
HP1,Hidro,HP1.16,2017,MG,Fl.Int.Bahia,Mat.Atlantica,RB.Atl.SE,150,66318229,77997,7699,3675,2,78,0,39,124,49,47384,0,0%
HP1,Hidro,HP1.17,2017,MG,Fl.Int.Bahia,Mat.Atlantica,RB.Atl.SE,3290,280577123,329987,32571,15547,8,264,2,146,756,235,139591,0,0%
HP1,Hidro,HP1.18,2017,MG,Fl.Int.Bahia,Mat.Atlantica,RB.Atl.SE,17,95226175,111995,11055,5277,3,109,1,55,16,37,46667,0,0%
HP1,Hidro,HP1.19,2017,MG,Cerrado,Cerrado,RB.S.Francisco,109000,336692548,395984,39086,18657,9,301,2,171,880,273,156583,0,0%
HP1,Hidro,HP1.20,2017,MG,Cerrado,Cerrado,RB.S.Francisco,3943,89274539,104996,10364,4947,2,102,0,52,210,73,61408,0,0%
HP2,Hidro,HP2.01,2017,RS,Campos.Sulinos,Pampa,RB.Uruguai,15200,49954599,763,32911,154160,45,1,24,148,922,228,83520,5677,7%
HP2,Hidro,HP2.02,2017,SC/RS,Fl.Int.Par.Paran,Mat.Atlantica,RB.Uruguai,14100,320505169,115,211156,989078,231,0,136,527,892,357,172891,206607,120%
HP2,Hidro,HP2.03,2017,SC/RS,Fl.Araucaria,Mat.Atlantica,RB.Uruguai,7900,251983374,7825,166012,777620,191,8,110,467,881,331,156280,7434,5%
HP2,Hidro,HP2.04,2017,PR,Fl.Int.Par.Paran,Mat.Atlantica,RB.Parana,5600,238279015,5960,156983,735328,182,6,50,453,766,291,145677,0,0%
HP2,Hidro,HP2.05,2017,PR,Fl.Int.Par.Paran,Mat.Atlantica,RB.Parana,21000,313874027,4746,206787,968614,227,5,65,521,924,349,170131,0,0%
HP2,Hidro,HP2.06,2017,MT,Cerrado,Cerrado,RB.Paraguai,1900,38924800,54,25645,120122,35,0,3,119,113,54,42456,665640,1568%
HP2,Hidro,HP2.07,2017,GO,Cerrado,Cerrado,RB.Tocantins,13900,99467121,57,65531,306955,85,0,4,257,483,166,89263,1176,1%
HP2,Hidro,HP2.08,2017,TO,Cerrado,Cerrado,RB.Tocantins,10400,53756453,130,35416,165892,48,0,2,157,412,124,66051,4531,7%
HP2,Hidro,HP2.09,2017,TO/MA,Cerrado,Cerrado,RB.Tocantins,59000,240268358,340,158294,741467,184,0,11,455,799,290,145660,7349,5%
HP2,Hidro,HP2.10,2017,MG,Cerrado,Cerrado,RB.Parana,5186,90183523,16,59415,278306,1,0,19,238,259,104,71150,0,0%
HP2,Hidro,HP2.11,2017,MG,Cerrado,Cerrado,RB.Parana,3460,93720132,99,61745,289220,1,0,20,245,189,91,68245,0,0%
FC1,Flor/Ind,FC1.01,2017,SP,Fl.Cost.SM,Mat.Atlantica,RB.Parana,7,144443686,128456,12094,243254,80,123,17,60,11,58,63955,0,0%
FC1,Flor/Ind,FC1.02,2017,SP,Fl.Cost.SM,Mat.Atlantica,RB.Parana,13,144443686,128456,12094,243254,80,123,17,60,20,60,64793,0,0%
FC1,Flor/Ind,FC1.03,2017,SP,Fl.Cost.SM,Mat.Atlantica,RB.Parana,13,34055828,30286,2852,57353,20,32,4,15,20,18,25804,0,0%
FC1,Flor/Ind,FC1.04,2017,RS,Campos.Sulinos,Pampa,RB.Atl.Sul,8,23486778,20887,1967,39553,14,22,10,10,6,12,19824,0,0%
FC1,Flor/Ind,FC1.05,2017,PE,Fl.Cost.PE,Mat.Atlantica,RB.At.NE.Or,9,23486778,20887,1967,39553,14,22,62,10,93,40,32382,0,0%
FC1,Flor/Ind,FC1.06,2017,PB,Fl.Int.PE,Mat.Atlantica,RB.At.NE.Or,8,25365720,22558,2124,42718,17,24,66,11,60,36,31490,0,0%
FC1,Flor/Ind,FC1.07,2017,SP,Fl.Cost.SM,Mat.Atlantica,RB.Atl.SE,4,9159844,8146,767,15426,5,9,2,4,6,5,10393,0,0%
FC1,Flor/Ind,FC1.08,2017,RJ,Fl.Cost.SM,Mat.Atlantica,RB.Atl.SE,6,28184134,25065,2360,47464,17,27,5,12,10,14,22009,0,0%
FF1,Flor,FF1.01,2017,RS,Campos.Sulinos,Pampa,RB.Atl.Sul,26514,175632270,1166225,45668,821379,102,559,178,194,954,397,151897,6682,4%
FF1,Flor,FF1.02,2017,SP,Cerrado,Cerrado,RB.Parana,28987,99102848,658058,25769,463474,60,417,32,120,661,258,107322,48938,46%
FF1,Flor,FF1.03,2017,SP,Cerrado,Cerrado,RB.Parana,28548,131311274,871927,34144,614103,135,487,42,152,658,295,123162,49401,40%
FF1,Flor,FF1.04,2017,SP,Cerrado,Cerrado,RB.Parana,13919,152508272,1012678,39655,713235,154,524,48,173,484,277,125214,29318,23%
FF1,Flor,FF1.05,2017,MG,Cerrado,Cerrado,RB.Parana,54709,202059696,1341707,52540,944972,194,593,63,217,786,371,153658,348828,227%
FC2,Flor/Ind,FC2.01,2017,BA,Caatinga,Caatinga,RB.Atl.Leste,13,2540324,6342,1683,112655,3,7,23,9,2,9,8998,0,0%
FC2,Flor/Ind,FC2.02,2017,MG,Fl.Int.Bahia,Mat.Atlantica,RB.S.Francisco,7,3693363,9221,2447,163788,3,10,14,13,7,9,10220,0,0%
FC2,Flor/Ind,FC2.03,2017,PE,Fl.Int.PE,Mat.Atlantica,RB.At.NE.Or,15,23352346,58299,15475,1035597,3,60,633,75,112,177,60192,0,0%
FC2,Flor/Ind,FC2.04,2017,RS,Campos.Sulinos,Pampa,RB.Atl.Sul,7,1832627,4575,1214,81271,3,5,21,6,5,8,7892,0,0%
FC2,Flor/Ind,FC2.05,2017,SC,Fl.Araucaria,Mat.Atlantica,RB.Uruguai,85,21426209,53491,14198,950179,3,55,131,70,74,67,38966,0,0%
FC2,Flor/Ind,FC2.06,2017,SC,Fl.Araucaria,Mat.Atlantica,RB.Uruguai,19,5161696,12886,3420,228904,3,14,35,18,17,17,14681,0,0%
FC2,Flor/Ind,FC2.07,2017,SP,Fl.Cost.SM,Mat.Atlantica,RB.Parana,30,6009593,15003,3982,266505,3,16,19,21,46,21,16589,0,0%
FC2,Flor/Ind,FC2.08,2017,SP,Fl.Int.Par.Paran,Mat.Atlantica,RB.Parana,7,17883204,44646,11850,793059,3,46,54,59,4,33,27588,0,0%
FF2,Flor,FF2.01,2017,PR,Fl.Araucaria,Mat.Atlantica,RB.Parana,321388,1468347465,3665737,973013,65116194,3,799,823,837,997,692,354935,2284924,644%
FF2,Flor,FF2.02,2017,SC,Fl.Cost.SM,Mat.Atlantica,RB.Atl.Sul,25600,128082647,319759,84875,5680028,3,258,600,309,976,429,143176,12663,9%
FF2,Flor,FF2.03,2017,SC,Fl.Araucaria,Mat.Atlantica,RB.Uruguai,135097,675920544,1687439,447905,29974767,3,647,827,702,992,634,273278,1445162,529%
FF2,Flor,FF2.04,2017,SP,Fl.Int.Par.Paran,Mat.Atlantica,RB.Parana,8792,43988384,109817,29149,1950735,3,107,122,133,837,240,82325,104008,126%
AG1,Agrop/Alim,AG1.01,2017,GO,Cerrado,Cerrado,RB.Parana,107,347561355,125300,26928,2259577,110,120,139,124,7,100,103743,651,1%
AG1,Agrop/Alim,AG1.02,2017,SC,Fl.Araucaria,Mat.Atlantica,RB.Uruguai,533,7374204,2658,571,47941,3,3,8,3,333,70,29181,1340,5%
AG1,Agrop/Alim,AG1.03,2017,SC,Fl.Araucaria,Mat.Atlantica,RB.Uruguai,533,344650991,124251,26702,2240656,109,119,263,123,333,189,135318,1340,1%
AG1,Agrop/Alim,AG1.04,2017,PR,Cerrado,Cerrado,RB.Parana,1704,696499391,251097,53962,4528104,198,214,244,221,103,196,168443,1508,1%
AG1,Agrop/Alim,AG1.05,2017,SC,Fl.Araucaria,Mat.Atlantica,RB.Uruguai,533,348646132,125692,27012,2266629,110,120,265,125,333,191,136121,1340,1%
AG1,Agrop/Alim,AG1.06,2017,SC,Fl.Araucaria,Mat.Atlantica,RB.Uruguai,1065,704489673,253978,54581,4580051,200,216,421,223,500,312,205363,1896,1%
AG1,Agrop/Alim,AG1.07,2017,PR,Fl.Araucaria,Mat.Atlantica,RB.Parana,852,343941373,123995,26647,2236043,109,119,138,123,444,187,134356,1344,1%
AG1,Agrop/Alim,AG1.08,2017,MS,Cerrado,Cerrado,RB.Parana,76,343566214,123860,26618,2233604,109,119,138,123,5,99,102781,241,0%
AG1,Agrop/Alim,AG1.09,2017,RJ,Fl.Cost.SM,Mat.Atlantica,RB.Atl.SE,12,1851748,668,143,12039,1,1,1,1,19,5,6216,0,0%
AG1,Agrop/Alim,AG1.10,2017,PR,Fl.Araucaria,Mat.Atlantica,RB.Parana,852,347561355,125300,26928,2259577,110,120,139,124,444,187,135037,1344,1%
AG1,Agrop/Alim,AG1.11,2017,RS,Fl.Araucaria,Mat.Atlantica,RB.Atl.Sul,22,347561355,125300,26928,2259577,110,120,374,124,20,150,122835,185,0%
AG1,Agrop/Alim,AG1.12,2017,SC,Fl.Araucaria,Mat.Atlantica,RB.Uruguai,533,3598704,1297,279,23396,1,1,4,1,333,68,23464,1340,6%
AG1,Agrop/Alim,AG1.13,2017,GO,Cerrado,Cerrado,RB.Parana,33,344650991,124251,26702,2240656,109,119,138,123,2,98,102740,103,0%
AG1,Agrop/Alim,AG1.14,2017,RS,Fl.Int.Par.Paran,Mat.Atlantica,RB.Atl.Sul,44,702320120,253196,54413,4565946,200,216,547,223,25,242,184360,267,0%
AG1,Agrop/Alim,AG1.15,2017,MT,Cerrado,Cerrado,RB.Amazonica,625,352244836,126989,27291,2290025,111,121,1,126,40,80,94816,1207,1%
AG1,Agrop/Alim,AG1.16,2017,RS,Fl.Araucaria,Mat.Atlantica,RB.Atl.Sul,66,1052821256,379556,81568,6844635,272,292,644,301,58,313,231112,369,0%
AG1,Agrop/Alim,AG1.17,2017,GO,Cerrado,Cerrado,RB.Parana,13,344650991,124251,26702,2240656,109,119,138,123,1,98,102621,0,0%
AG1,Agrop/Alim,AG1.18,2017,MT,Fl.Sec.Chiquit,Amazonia,RB.Paraguai,625,347561355,125300,26928,2259577,110,120,48,124,656,212,142081,1428,1%
AG1,Agrop/Alim,AG1.19,2017,MT,Cerrado,Cerrado,RB.Amazonica,625,343566214,123860,26618,2233604,109,119,1,123,40,78,93355,1207,1%
AG1,Agrop/Alim,AG1.20,2017,PR,Fl.Cost.SM,Mat.Atlantica,RB.Atl.Sul,852,2226907,803,173,14478,1,1,4,1,576,116,25564,1223,5%
AG1,Agrop/Alim,AG1.21,2017,PR,Cerrado,Cerrado,RB.Parana,852,1851748,668,143,12039,1,1,1,1,54,11,9146,1066,12%
AG1,Agrop/Alim,AG1.22,2017,GO,Cerrado,Cerrado,RB.Parana,4442,349881802,126137,27107,2274663,111,121,140,125,230,145,121555,2567,2%
AG1,Agrop/Alim,AG1.23,2017,RS,Fl.Araucaria,Mat.Atlantica,RB.Atl.Sul,22,343566214,123860,26618,2233604,109,119,371,123,20,148,121990,185,0%
AG1,Agrop/Alim,AG1.24,2017,SP,Fl.Cost.SM,Mat.Atlantica,RB.Parana,16,1851748,668,143,12039,1,1,1,1,25,6,6749,0,0%
AG1,Agrop/Alim,AG1.25,2017,PR,Fl.Araucaria,Mat.Atlantica,RB.Parana,852,353167325,127321,27362,2296023,111,122,141,126,444,189,136087,1344,1%
AG1,Agrop/Alim,AG1.26,2017,MG,Cerrado,Cerrado,RB.Parana,7623,352619995,127124,27320,2292464,111,121,141,126,339,168,129416,2940,2%
AG1,Agrop/Alim,AG1.27,2017,MT,Cerrado,Cerrado,RB.Paraguai,625,344650991,124251,26702,2240656,109,119,47,123,40,88,97983,1207,1%
AG1,Agrop/Alim,AG1.28,2017,SC,Fl.Araucaria,Mat.Atlantica,RB.Uruguai,1598,1041961307,375641,80727,6774032,270,290,519,298,600,395,254035,2322,1%
AG1,Agrop/Alim,AG1.29,2017,PE,Fl.Int.PE,Mat.Atlantica,RB.At.NE.Or,156,2226907,803,173,14478,1,1,24,1,561,117,25644,326,1%
HP1,Hidro,HP1.01,2018,MG,Cerrado,Cerrado,RB.Parana,44924,379625655,541500,37307,17611,14,371,1,164,752,260,159012,339193,213%
HP1,Hidro,HP1.02,2018,MG,Cerrado,Cerrado,RB.Parana,57600,887281923,1265624,87196,41161,31,579,3,315,795,345,228858,0,0%
HP1,Hidro,HP1.03,2018,MG,Cerrado,Cerrado,RB.Parana,7335,34240745,48841,3365,1588,1,50,0,17,331,80,48214,0,0%
HP1,Hidro,HP1.04,2018,MG,Cerrado,Cerrado,RB.Parana,172,38706930,55212,3804,1796,1,57,0,20,11,18,26614,2323,9%
HP1,Hidro,HP1.09,2018,MG,Cerrado,Cerrado,RB.Parana,5023,156316446,222971,15362,7252,6,195,1,75,253,106,84228,0,0%
HP1,Hidro,HP1.10,2018,MG,Cerrado,Cerrado,RB.Parana,3732,181381325,258724,17825,8414,7,244,1,89,633,195,133902,0,0%
HP1,Hidro,HP1.11,2018,MG,Fl.Int.Par.Paran,Mat.Atlantica,RB.Parana,9022,157410662,224532,15470,7302,6,218,1,78,957,252,145655,0,0%
HP1,Hidro,HP1.12,2018,MG,Fl.Int.Bahia,Mat.Atlantica,RB.Atl.SE,576,75925131,108300,7461,3522,3,105,0,38,251,80,60597,0,0%
HP1,Hidro,HP1.13,2018,MG,Cerrado,Cerrado,RB.Atl.Leste,14295,267971051,382235,26334,12431,10,294,3,122,490,184,124151,227679,183%
HP1,Hidro,HP1.14,2018,MG,Fl.Int.Bahia,Mat.Atlantica,RB.Parana,4265,133985525,191118,13167,6216,5,172,0,65,800,209,107116,0,0%
HP1,Hidro,HP1.15,2018,ES,Fl.Int.Bahia,Mat.Atlantica,RB.Atl.SE,191,40940022,58397,4023,1899,1,60,0,21,152,47,40579,0,0%
HP1,Hidro,HP1.16,2018,MG,Fl.Int.Bahia,Mat.Atlantica,RB.Atl.SE,150,58060394,82818,5706,2693,2,83,0,29,124,48,45177,0,0%
HP1,Hidro,HP1.17,2018,MG,Fl.Int.Bahia,Mat.Atlantica,RB.Atl.SE,3290,245640130,350382,24140,11395,9,276,1,113,756,231,133285,0,0%
HP1,Hidro,HP1.18,2018,MG,Fl.Int.Bahia,Mat.Atlantica,RB.Atl.SE,17,83368771,118918,8193,3868,3,114,0,41,16,35,44116,0,0%
HP1,Hidro,HP1.19,2018,MG,Cerrado,Cerrado,RB.S.Francisco,109000,294768156,420459,28968,13674,11,314,1,132,880,268,149503,0,0%
HP1,Hidro,HP1.20,2018,MG,Cerrado,Cerrado,RB.S.Francisco,3943,78158223,111485,7681,3626,3,108,0,39,210,72,58608,0,0%
HP2,Hidro,HP2.01,2018,RS,Campos.Sulinos,Pampa,RB.Uruguai,15200,52752182,2112,31461,106735,47,2,17,142,922,226,84579,5677,7%
HP2,Hidro,HP2.02,2018,SC/RS,Fl.Int.Par.Paran,Mat.Atlantica,RB.Uruguai,14100,338454268,2637,201850,684806,200,3,98,515,892,342,172444,206607,120%
HP2,Hidro,HP2.03,2018,SC/RS,Fl.Araucaria,Mat.Atlantica,RB.Uruguai,7900,266095080,1230,158696,538399,192,1,79,455,881,322,156795,7434,5%
HP2,Hidro,HP2.04,2018,PR,Fl.Int.Par.Paran,Mat.Atlantica,RB.Parana,5600,251623242,240,150065,509118,192,0,35,442,766,287,147020,0,0%
HP2,Hidro,HP2.05,2018,PR,Fl.Int.Par.Paran,Mat.Atlantica,RB.Parana,21000,331451766,4479,197674,670638,238,5,46,510,924,345,172022,0,0%
HP2,Hidro,HP2.06,2018,MT,Cerrado,Cerrado,RB.Paraguai,1900,41104687,112,24514,83169,37,0,2,114,113,53,42913,665640,1551%
HP2,Hidro,HP2.07,2018,GO,Cerrado,Cerrado,RB.Tocantins,13900,105037531,40,62643,212526,90,0,3,248,483,165,90456,1176,1%
HP2,Hidro,HP2.08,2018,TO,Cerrado,Cerrado,RB.Tocantins,10400,56766950,99,33855,114859,51,0,2,151,412,123,66931,4531,7%
HP2,Hidro,HP2.09,2018,TO/MA,Cerrado,Cerrado,RB.Tocantins,59000,253723993,417,151318,513369,193,0,7,444,799,289,147769,7349,5%
HP2,Hidro,HP2.10,2018,MG,Cerrado,Cerrado,RB.Parana,5186,96591705,16,57606,192690,1,0,14,233,259,101,71895,0,0%
HP2,Hidro,HP2.11,2018,MG,Cerrado,Cerrado,RB.Parana,3460,100379615,99,59865,200247,1,0,27,382,368,156,105968,0,0%
FC1,Flor/Ind,FC1.01,2018,SP,Fl.Cost.SM,Mat.Atlantica,RB.Parana,7,127813095,6248,12541,243464,126,7,17,62,11,44,55214,0,0%
FC1,Flor/Ind,FC1.02,2018,SP,Fl.Cost.SM,Mat.Atlantica,RB.Parana,13,127813095,3098,12541,243464,126,3,17,62,20,46,55809,0,0%
FC1,Flor/Ind,FC1.03,2018,SP,Fl.Cost.SM,Mat.Atlantica,RB.Parana,13,30134795,20019,2957,57402,33,21,4,15,20,19,25222,0,0%
FC1,Flor/Ind,FC1.04,2018,RS,Campos.Sulinos,Pampa,RB.Atl.Sul,8,20782617,43689,2039,39588,23,45,10,11,6,19,22813,0,0%
FC1,Flor/Ind,FC1.05,2018,PE,Fl.Cost.PE,Mat.Atlantica,RB.At.NE.Or,9,20782617,12596,2039,39588,23,14,62,11,93,40,31300,0,0%
FC1,Flor/Ind,FC1.06,2018,PB,Fl.Int.PE,Mat.Atlantica,RB.At.NE.Or,8,22445226,11247,2202,42755,25,12,66,11,60,35,30150,0,0%
FC1,Flor/Ind,FC1.07,2018,SP,Fl.Cost.SM,Mat.Atlantica,RB.Atl.SE,4,8105221,590,795,15439,84,1,2,4,6,19,17467,0,0%
FC1,Flor/Ind,FC1.08,2018,RJ,Fl.Cost.SM,Mat.Atlantica,RB.Atl.SE,6,24939141,9924,2447,47505,27,11,5,13,10,13,20637,0,0%
FF1,Flor,FF1.01,2018,RS,Campos.Sulinos,Pampa,RB.Atl.Sul,1845,195063865,262713,47353,822089,165,222,178,200,590,271,133327,6713,5%
FF1,Flor,FF1.02,2018,SP,Cerrado,Cerrado,RB.Parana,23812,110067385,1208166,26720,463875,100,568,32,123,616,288,115847,48108,42%
FF1,Flor,FF1.03,2018,SP,Cerrado,Cerrado,RB.Parana,23374,145839285,949193,35404,614634,128,508,42,157,611,289,125985,48615,39%
FF1,Flor,FF1.04,2018,SP,Cerrado,Cerrado,RB.Parana,8744,169381475,824856,41119,713852,146,473,49,178,371,243,122306,28510,23%
FF1,Flor,FF1.05,2018,MG,Cerrado,Cerrado,RB.Parana,54092,224415168,2526836,54478,945789,185,733,63,223,785,398,163160,348771,214%
FC2,Flor/Ind,FC2.01,2018,BA,Caatinga,Caatinga,RB.Atl.Leste,13,2489475,6050,1567,105353,3,7,22,8,2,8,8738,0,0%
FC2,Flor/Ind,FC2.02,2018,MG,Fl.Int.Bahia,Mat.Atlantica,RB.S.Francisco,7,3093108,7517,1946,130898,3,8,11,10,7,8,9048,0,0%
FC2,Flor/Ind,FC2.03,2018,PE,Fl.Int.PE,Mat.Atlantica,RB.At.NE.Or,15,31098930,75582,14154,951898,3,76,613,69,112,175,65111,0,0%
FC2,Flor/Ind,FC2.04,2018,RS,Campos.Sulinos,Pampa,RB.Atl.Sul,7,1877340,4563,1181,79448,3,5,21,6,5,8,7893,0,0%
FC2,Flor/Ind,FC2.05,2018,SC,Fl.Araucaria,Mat.Atlantica,RB.Uruguai,85,191195384,464678,32539,2188270,3,336,258,146,74,163,107198,0,0%
FC2,Flor/Ind,FC2.06,2018,SC,Fl.Araucaria,Mat.Atlantica,RB.Uruguai,19,5006977,12169,3151,211892,3,13,33,16,17,17,14219,0,0%
FC2,Flor/Ind,FC2.07,2018,SP,Fl.Cost.SM,Mat.Atlantica,RB.Parana,30,3204578,7788,16269,1094135,3,8,73,79,46,42,18487,0,0%
FC2,Flor/Ind,FC2.08,2018,SP,Fl.Int.Par.Paran,Mat.Atlantica,RB.Parana,7,17861326,43410,11240,755879,3,45,51,56,4,32,27120,0,0%
FF2,Flor,FF2.01,2018,PR,Fl.Araucaria,Mat.Atlantica,RB.Parana,342657,1163442117,2827610,732125,49236084,3,755,779,794,997,666,326401,2287218,701%
FF2,Flor,FF2.02,2018,SC,Fl.Cost.SM,Mat.Atlantica,RB.Atl.Sul,25600,155125616,377015,97617,6564811,3,291,634,340,976,449,154208,12663,8%
FF2,Flor,FF2.03,2018,SC,Fl.Araucaria,Mat.Atlantica,RB.Uruguai,134460,1147698150,2789346,434394,29213410,3,752,823,696,992,653,322586,1445157,448%
FF2,Flor,FF2.04,2018,SP,Fl.Int.Par.Paran,Mat.Atlantica,RB.Parana,8792,51708539,125672,32539,2188270,3,120,135,146,837,248,87461,104008,119%
AG1,Agrop/Alim,AG1.01,2018,GO,Cerrado,Cerrado,RB.Parana,107,305894633,111146,22748,2108193,87,108,131,107,7,88,94712,651,1%
AG1,Agrop/Alim,AG1.02,2018,SC,Fl.Araucaria,Mat.Atlantica,RB.Uruguai,533,6509017,2365,484,44859,2,3,7,3,333,69,28081,1340,5%
AG1,Agrop/Alim,AG1.03,2018,SC,Fl.Araucaria,Mat.Atlantica,RB.Uruguai,533,303585303,110306,22576,2092278,86,107,250,106,333,176,126605,1340,1%
AG1,Agrop/Alim,AG1.04,2018,PR,Cerrado,Cerrado,RB.Parana,1704,613810150,223025,45647,4230314,160,195,232,194,103,177,155427,1508,1%
AG1,Agrop/Alim,AG1.05,2018,SC,Fl.Araucaria,Mat.Atlantica,RB.Uruguai,533,306958342,111532,22827,2115524,87,108,252,107,333,178,127318,1340,1%
AG1,Agrop/Alim,AG1.06,2018,SC,Fl.Araucaria,Mat.Atlantica,RB.Uruguai,1065,620556227,225477,46148,4276807,162,197,405,196,500,292,192395,1896,1%
AG1,Agrop/Alim,AG1.07,2018,PR,Fl.Araucaria,Mat.Atlantica,RB.Parana,852,302846988,110038,22522,2087189,86,107,130,106,444,175,125938,1344,1%
AG1,Agrop/Alim,AG1.08,2018,MS,Cerrado,Cerrado,RB.Parana,76,302521595,109920,22497,2084947,86,107,130,106,5,87,93835,241,0%
AG1,Agrop/Alim,AG1.09,2018,RJ,Fl.Cost.SM,Mat.Atlantica,RB.Atl.SE,12,1712203,622,127,11800,1,1,1,1,19,5,6045,0,0%
AG1,Agrop/Alim,AG1.10,2018,PR,Fl.Araucaria,Mat.Atlantica,RB.Parana,852,305894633,111146,22748,2108193,87,108,131,107,444,175,126537,1344,1%
AG1,Agrop/Alim,AG1.11,2018,RS,Fl.Araucaria,Mat.Atlantica,RB.Atl.Sul,22,305894633,111146,22748,2108193,87,108,358,107,20,136,113697,185,0%
AG1,Agrop/Alim,AG1.12,2018,SC,Fl.Araucaria,Mat.Atlantica,RB.Uruguai,533,3319772,1206,247,22880,1,1,4,1,333,68,22905,1340,6%
AG1,Agrop/Alim,AG1.13,2018,GO,Cerrado,Cerrado,RB.Parana,33,303585303,110306,22576,2092278,86,107,130,106,2,86,93789,103,0%
AG1,Agrop/Alim,AG1.14,2018,RS,Fl.Int.Par.Paran,Mat.Atlantica,RB.Atl.Sul,44,618428810,224704,45990,4262145,161,196,529,195,25,221,171184,267,0%
AG1,Agrop/Alim,AG1.15,2018,MT,Cerrado,Cerrado,RB.Amazonica,625,310278113,112738,23074,2138404,88,109,1,108,40,69,86125,1207,1%
AG1,Agrop/Alim,AG1.16,2018,RS,Fl.Araucaria,Mat.Atlantica,RB.Atl.Sul,66,927091836,336855,68944,6389418,224,268,628,266,58,289,215260,369,0%
AG1,Agrop/Alim,AG1.17,2018,GO,Cerrado,Cerrado,RB.Parana,13,303585303,110306,22576,2092278,86,107,130,106,1,86,93665,0,0%
AG1,Agrop/Alim,AG1.18,2018,MT,Fl.Sec.Chiquit,Amazonia,RB.Paraguai,625,305894633,111146,22748,2108193,87,108,45,107,656,200,133859,1428,1%
AG1,Agrop/Alim,AG1.19,2018,MT,Cerrado,Cerrado,RB.Amazonica,625,302521595,109920,22497,2084947,86,107,1,106,40,68,84777,1207,1%
AG1,Agrop/Alim,AG1.20,2018,PR,Fl.Cost.SM,Mat.Atlantica,RB.Atl.Sul,852,2037596,740,152,14043,1,1,4,1,576,116,24905,1223,5%
AG1,Agrop/Alim,AG1.21,2018,PR,Cerrado,Cerrado,RB.Parana,852,1712203,622,127,11800,1,1,1,1,54,11,8922,1066,12%
AG1,Agrop/Alim,AG1.22,2018,GO,Cerrado,Cerrado,RB.Parana,4442,308433486,112068,22937,2125691,88,109,132,108,230,133,113015,2567,2%
AG1,Agrop/Alim,AG1.23,2018,RS,Fl.Araucaria,Mat.Atlantica,RB.Atl.Sul,22,302521595,109920,22497,2084947,86,107,355,106,20,135,112943,185,0%
AG1,Agrop/Alim,AG1.24,2018,SP,Fl.Cost.SM,Mat.Atlantica,RB.Parana,16,1712203,622,127,11800,1,1,1,1,25,6,6576,0,0%
AG1,Agrop/Alim,AG1.25,2018,PR,Fl.Araucaria,Mat.Atlantica,RB.Parana,852,311068209,113025,23133,2143849,88,109,133,109,444,177,127549,1344,1%
AG1,Agrop/Alim,AG1.26,2018,MG,Cerrado,Cerrado,RB.Parana,7623,310603507,112856,23098,2140646,88,109,133,109,339,156,120861,2940,2%
AG1,Agrop/Alim,AG1.27,2018,MT,Cerrado,Cerrado,RB.Paraguai,625,303585303,110306,22576,2092278,86,107,44,106,40,77,89309,1207,1%
AG1,Agrop/Alim,AG1.28,2018,SC,Fl.Araucaria,Mat.Atlantica,RB.Uruguai,1598,917948901,333533,68264,6326406,222,266,501,265,600,371,238360,2322,1%
AG1,Agrop/Alim,AG1.29,2018,PE,Fl.Int.PE,Mat.Atlantica,RB.At.NE.Or,156,2037596,740,152,14043,1,1,23,1,561,117,24974,326,1%
